CustomerID,Age,Gender,Tenure,Annual_Income,Spending_Score,Credit_Score,Online_Activity,True_Segment,Cluster,Distance_to_Target
1001,42,Male,34,87326.82290708656,100.0,300,5.0,Digital-Shoppers,3,
1002,54,Male,59,63035.383808387145,100.0,309,5.0,Digital-Shoppers,3,
1010,38,Male,76,59866.76904772244,100.0,304,5.0,Digital-Shoppers,3,
1015,36,Female,84,72527.28941548805,100.0,300,5.0,Digital-Shoppers,3,
1018,31,Female,27,68963.53848053156,100.0,300,5.0,Digital-Shoppers,3,
1023,23,Female,53,59857.253755023696,100.0,300,5.0,Digital-Shoppers,3,
1024,36,Male,61,68376.76697687071,100.0,300,5.0,Digital-Shoppers,3,
1027,50,Male,65,73352.44890879217,100.0,300,5.0,Digital-Shoppers,3,
1032,44,Female,79,55995.61171171175,100.0,300,5.0,Digital-Shoppers,3,
1035,26,Male,72,67919.7989396167,86.24782842327642,300,5.0,Digital-Shoppers,3,
1036,48,Female,60,60964.52082097656,100.0,314,5.0,Digital-Shoppers,3,
1037,18,Female,87,72410.70368781085,100.0,317,5.0,Digital-Shoppers,3,
1044,22,Female,94,69022.06252137167,100.0,300,5.0,Digital-Shoppers,3,
1045,34,Female,58,64489.99402698462,100.0,316,5.0,Digital-Shoppers,3,
1047,60,Male,106,62095.36562309224,100.0,314,5.0,Digital-Shoppers,3,
1048,50,Male,82,73018.72467457019,100.0,300,5.0,Digital-Shoppers,3,
1052,34,Male,22,68083.29531037301,100.0,300,5.0,Digital-Shoppers,3,
1053,54,Female,3,69020.89817560956,78.99519327613503,300,5.0,Digital-Shoppers,3,
1054,60,Male,79,55041.544368289455,100.0,310,5.0,Digital-Shoppers,3,
1056,32,Female,47,65984.31728904058,100.0,300,5.0,Digital-Shoppers,3,
1068,50,Male,38,46658.3780909369,100.0,300,5.0,Digital-Shoppers,3,
1073,68,Female,92,66780.3960321728,100.0,300,5.0,Digital-Shoppers,3,
1077,40,Male,14,77551.13172505342,100.0,300,5.0,Digital-Shoppers,3,
1079,18,Male,35,75938.7496562218,100.0,304,5.0,Digital-Shoppers,3,
1089,52,Male,10,65632.98001126325,100.0,312,5.0,Digital-Shoppers,3,
1091,59,Female,22,61322.30559338662,100.0,335,5.0,Digital-Shoppers,3,
1097,48,Female,61,55966.02322712421,100.0,300,5.0,Digital-Shoppers,3,
1098,45,Female,100,65144.25190941131,100.0,300,5.0,Digital-Shoppers,3,
1106,73,Female,76,70560.3566810781,100.0,316,5.0,Digital-Shoppers,3,
1108,48,Female,95,62485.32952493786,100.0,300,5.0,Digital-Shoppers,3,
1112,45,Male,116,69608.25611207874,100.0,303,5.0,Digital-Shoppers,3,
1117,27,Male,87,71807.0314119049,100.0,317,5.0,Digital-Shoppers,3,
1122,66,Male,72,75723.56891735214,100.0,314,5.0,Digital-Shoppers,3,
1123,23,Male,18,70050.86953276882,100.0,300,5.0,Digital-Shoppers,3,
1125,77,Female,70,62555.05129124897,100.0,302,5.0,Digital-Shoppers,3,
1128,46,Female,15,69500.27206125559,85.83886897519591,300,5.0,Digital-Shoppers,3,
1131,46,Male,5,61230.80150820888,100.0,300,5.0,Digital-Shoppers,3,
1137,40,Female,10,73435.36250975232,100.0,300,5.0,Digital-Shoppers,3,
1139,26,Female,26,77916.65121144315,100.0,300,5.0,Digital-Shoppers,3,
1141,64,Male,102,66114.20427934159,100.0,306,5.0,Digital-Shoppers,3,
1143,47,Male,78,66874.70227293947,100.0,317,5.0,Digital-Shoppers,3,
1152,34,Male,107,85806.72327711349,100.0,300,5.0,Digital-Shoppers,3,
1154,49,Female,12,72088.54510081591,100.0,300,5.0,Digital-Shoppers,3,
1155,34,Male,85,72720.89254431243,100.0,308,5.0,Digital-Shoppers,3,
1159,54,Male,10,56617.9910202148,100.0,316,5.0,Digital-Shoppers,3,
1160,30,Male,33,88775.6925870014,100.0,300,5.0,Digital-Shoppers,3,
1162,62,Male,59,79370.64896800541,100.0,304,5.0,Digital-Shoppers,3,
1163,32,Female,52,89040.25380524142,100.0,300,5.0,Digital-Shoppers,3,
1166,57,Male,29,71743.20995054756,100.0,300,5.0,Digital-Shoppers,3,
1168,41,Male,40,82888.75817321337,100.0,300,5.0,Digital-Shoppers,3,
1169,33,Female,97,68313.0244343934,100.0,300,5.0,Digital-Shoppers,3,
1171,32,Female,68,63389.6781248976,100.0,300,5.0,Digital-Shoppers,3,
1174,49,Male,101,71779.27945809193,100.0,306,5.0,Digital-Shoppers,3,
1177,66,Female,84,43074.49152977794,87.19211052156062,300,5.0,Digital-Shoppers,3,
1179,80,Male,87,66388.25801898554,100.0,310,5.0,Digital-Shoppers,3,
1180,54,Female,109,60760.87838156279,100.0,316,5.0,Digital-Shoppers,3,
1185,55,Male,118,70023.14887478329,100.0,300,5.0,Digital-Shoppers,3,
1186,52,Female,64,52487.43698385865,100.0,300,5.0,Digital-Shoppers,3,
1187,43,Male,79,68539.06173635078,100.0,300,5.0,Digital-Shoppers,3,
1189,22,Female,98,72282.18666406178,100.0,311,5.0,Digital-Shoppers,3,
1199,27,Male,34,76682.63266822917,100.0,300,5.0,Digital-Shoppers,3,
1200,50,Female,39,64708.66951874207,100.0,304,5.0,Digital-Shoppers,3,
1203,60,Female,62,65813.0406211163,100.0,300,5.0,Digital-Shoppers,3,
1206,52,Female,3,79277.09038273072,100.0,300,5.0,Digital-Shoppers,3,
1207,52,Male,109,64104.975232761375,100.0,310,5.0,Digital-Shoppers,3,
1212,59,Male,93,84524.25372596298,100.0,300,5.0,Digital-Shoppers,3,
1216,33,Female,32,71800.08474141949,100.0,300,5.0,Digital-Shoppers,3,
1218,37,Female,39,71878.62374601088,100.0,302,5.0,Digital-Shoppers,3,
1223,20,Female,14,80450.1304015493,83.27703645510695,317,5.0,Digital-Shoppers,3,
1231,48,Female,77,69192.75820988564,100.0,300,5.0,Digital-Shoppers,3,
1238,35,Male,89,71240.12680694358,100.0,314,5.0,Digital-Shoppers,3,
1239,57,Female,32,84460.93711467444,100.0,307,5.0,Digital-Shoppers,3,
1241,43,Male,28,59895.457840983145,100.0,300,5.0,Digital-Shoppers,3,
1243,57,Female,17,62484.97891511645,100.0,318,5.0,Digital-Shoppers,3,
1249,51,Male,80,71996.78690801408,100.0,300,5.0,Digital-Shoppers,3,
1250,26,Male,6,49450.17414685911,69.43139714687047,300,5.0,Digital-Shoppers,3,
1255,37,Male,92,69808.2774309878,100.0,306,5.0,Digital-Shoppers,3,
1258,51,Female,60,55223.14906294307,100.0,304,5.0,Digital-Shoppers,3,
1263,29,Female,81,63334.17993591934,100.0,305,5.0,Digital-Shoppers,3,
1266,69,Male,102,44426.70214418336,100.0,300,5.0,Digital-Shoppers,3,
1273,45,Male,110,54745.36679419979,100.0,308,5.0,Digital-Shoppers,3,
1276,47,Male,56,74577.83793911076,100.0,311,5.0,Digital-Shoppers,3,
1288,49,Female,53,71195.25885581544,82.61333273662207,300,5.0,Digital-Shoppers,3,
1290,41,Female,23,65170.6988577558,99.31218659988453,300,5.0,Digital-Shoppers,3,
1298,57,Female,76,55317.68891013372,100.0,310,5.0,Digital-Shoppers,3,
1302,56,Male,18,72708.24663990882,97.19958355506944,300,5.0,Digital-Shoppers,3,
1303,54,Male,78,66489.36842890889,100.0,302,5.0,Digital-Shoppers,3,
1310,41,Female,116,67505.99687540032,84.88153519361114,300,5.0,Digital-Shoppers,3,
1312,57,Female,36,84310.76951769306,100.0,304,5.0,Digital-Shoppers,3,
1315,45,Female,86,69327.25308563287,100.0,311,5.0,Digital-Shoppers,3,
1316,55,Male,32,78972.49169145952,100.0,303,5.0,Digital-Shoppers,3,
1317,40,Male,58,69535.45022317457,100.0,300,5.0,Digital-Shoppers,3,
1318,49,Male,46,57743.32752276902,100.0,300,5.0,Digital-Shoppers,3,
1319,43,Male,54,57238.642372660506,100.0,300,5.0,Digital-Shoppers,3,
1320,46,Male,33,72177.6901416016,100.0,311,5.0,Digital-Shoppers,3,
1321,53,Male,105,76420.82801715202,74.8228155679935,300,5.0,Digital-Shoppers,3,
1323,76,Male,23,59871.19019728451,92.955331940292,311,5.0,Digital-Shoppers,3,
1325,26,Male,55,61223.75887486911,100.0,307,5.0,Digital-Shoppers,3,
1328,54,Female,38,61649.76017356875,100.0,300,5.0,Digital-Shoppers,3,
1331,31,Female,29,71091.45129202382,100.0,300,5.0,Digital-Shoppers,3,
1335,42,Female,103,76677.44850923982,58.65037106622978,326,5.0,Digital-Shoppers,3,
1338,51,Male,29,78504.60283086837,100.0,300,5.0,Digital-Shoppers,3,
1340,32,Female,37,65314.67354965793,97.67370571676253,303,5.0,Digital-Shoppers,3,
1341,48,Male,113,69810.33392528043,95.862362064739,300,5.0,Digital-Shoppers,3,
1346,23,Female,112,66489.83750435109,86.84584611831357,300,5.0,Digital-Shoppers,3,
1349,41,Male,50,63602.3163674948,100.0,300,5.0,Digital-Shoppers,3,
1355,29,Male,56,68173.78797253995,100.0,311,5.0,Digital-Shoppers,3,
1357,40,Female,48,68395.24450991683,100.0,313,5.0,Digital-Shoppers,3,
1360,52,Female,44,70942.96940368964,100.0,300,5.0,Digital-Shoppers,3,
1361,67,Male,10,55675.60835855296,100.0,300,5.0,Digital-Shoppers,3,
1363,51,Male,70,66215.04011242196,100.0,306,5.0,Digital-Shoppers,3,
1367,45,Male,96,70430.28171418793,100.0,307,5.0,Digital-Shoppers,3,
1383,37,Male,74,66500.12669200299,100.0,305,5.0,Digital-Shoppers,3,
1401,36,Male,9,53060.183929718434,92.55245331757908,300,5.0,Digital-Shoppers,3,
1402,45,Male,45,52839.54471867449,100.0,300,5.0,Digital-Shoppers,3,
1404,38,Male,14,63382.67504946489,80.14589786757223,316,5.0,Digital-Shoppers,3,
1406,28,Female,55,60148.33364233423,100.0,317,5.0,Digital-Shoppers,3,
1407,42,Female,9,61823.12502401372,100.0,306,5.0,Digital-Shoppers,3,
1408,46,Male,15,76582.60007648276,86.93357974079507,300,5.0,Digital-Shoppers,3,
1410,55,Female,50,62296.15584625428,100.0,300,5.0,Digital-Shoppers,3,
1422,41,Female,95,70814.33004332635,100.0,308,5.0,Digital-Shoppers,3,
1424,54,Male,6,73222.99836353389,100.0,302,5.0,Digital-Shoppers,3,
1426,30,Male,43,81621.93569352172,100.0,300,5.0,Digital-Shoppers,3,
1430,27,Female,1,74590.30116164971,100.0,317,5.0,Digital-Shoppers,3,
1431,18,Male,108,66587.48534377333,100.0,300,5.0,Digital-Shoppers,3,
1433,55,Male,15,69562.96813958314,100.0,304,5.0,Digital-Shoppers,3,
1437,24,Male,58,73424.75671093565,100.0,300,5.0,Digital-Shoppers,3,
1438,19,Male,95,62404.96399225558,100.0,300,5.0,Digital-Shoppers,3,
1440,50,Female,81,83420.59724770495,91.97353467583356,300,5.0,Digital-Shoppers,3,
1446,50,Female,57,61081.28263141801,100.0,300,5.0,Digital-Shoppers,3,
1451,59,Female,118,51946.90249121629,100.0,300,5.0,Digital-Shoppers,3,
1452,30,Female,14,67821.15246066147,99.38027482647853,300,5.0,Digital-Shoppers,3,
1456,43,Male,30,65978.65614143443,100.0,300,5.0,Digital-Shoppers,3,
1462,34,Male,35,62494.34028404695,100.0,310,5.0,Digital-Shoppers,3,
1468,37,Male,36,66933.52275347072,100.0,317,5.0,Digital-Shoppers,3,
1485,23,Female,42,59903.30542240466,100.0,312,5.0,Digital-Shoppers,3,
1487,28,Female,30,92307.2617024431,83.4787305094049,300,5.0,Digital-Shoppers,3,
1495,53,Male,73,81206.72379830867,100.0,303,5.0,Digital-Shoppers,3,
1498,31,Female,27,60847.38826357966,100.0,300,5.0,Digital-Shoppers,3,
1500,58,Male,100,65826.83353838725,91.31801877356853,310,5.0,Digital-Shoppers,3,
1507,32,Male,3,67252.37735250063,100.0,300,5.0,Digital-Shoppers,3,
1511,44,Male,6,63723.666671020364,100.0,302,5.0,Digital-Shoppers,3,
1519,56,Male,99,77343.27624267024,90.66039909147344,300,5.0,Digital-Shoppers,3,
1526,20,Female,63,73588.73887303252,91.97726181247536,313,5.0,Digital-Shoppers,3,
1529,31,Male,31,75025.87076371463,100.0,312,5.0,Digital-Shoppers,3,
1530,54,Male,87,73078.03830810946,100.0,300,5.0,Digital-Shoppers,3,
1532,44,Female,33,70997.4628741769,95.33084600874984,300,5.0,Digital-Shoppers,3,
1535,45,Male,36,63061.9370555637,100.0,300,5.0,Digital-Shoppers,3,
1547,41,Male,36,72175.82884350733,91.77883485353198,300,5.0,Digital-Shoppers,3,
1553,48,Female,106,46410.19766477699,100.0,300,5.0,Digital-Shoppers,3,
1558,50,Female,1,72451.26852023277,100.0,309,5.0,Digital-Shoppers,3,
1562,58,Male,92,87102.54794269415,100.0,303,5.0,Digital-Shoppers,3,
1563,40,Male,45,44302.79909391219,100.0,300,5.0,Digital-Shoppers,3,
1564,63,Male,58,76485.51758863883,100.0,319,5.0,Digital-Shoppers,3,
1567,29,Female,32,69882.14935788701,83.44888793272153,300,5.0,Digital-Shoppers,3,
1576,48,Male,74,62384.73972270251,100.0,300,5.0,Digital-Shoppers,3,
1581,38,Female,36,64660.06806336132,100.0,300,5.0,Digital-Shoppers,3,
1583,79,Male,114,59302.30186250381,100.0,300,5.0,Digital-Shoppers,3,
1589,32,Male,79,76723.40526958457,100.0,300,5.0,Digital-Shoppers,3,
1592,52,Female,93,51603.18136610475,100.0,302,5.0,Digital-Shoppers,3,
1597,30,Male,95,49670.065652231,100.0,305,5.0,Digital-Shoppers,3,
1599,50,Male,10,66198.1951411455,66.12521148605308,307,5.0,Digital-Shoppers,3,
1604,51,Female,60,86590.25666171116,79.19785769984416,304,5.0,Digital-Shoppers,3,
1606,33,Female,31,59879.75972899072,99.00940823315796,300,5.0,Digital-Shoppers,3,
1610,54,Male,41,63716.91595866821,100.0,302,5.0,Digital-Shoppers,3,
1614,80,Female,102,64294.836113933816,100.0,305,5.0,Digital-Shoppers,3,
1617,55,Male,52,58708.26770095846,97.42571229863162,300,5.0,Digital-Shoppers,3,
1618,52,Female,81,76603.72525359972,100.0,300,5.0,Digital-Shoppers,3,
1619,48,Male,51,67484.2102143414,100.0,315,5.0,Digital-Shoppers,3,
1628,45,Male,17,66346.03054686483,100.0,300,5.0,Digital-Shoppers,3,
1631,67,Male,98,73475.65260066929,95.66497749952832,311,5.0,Digital-Shoppers,3,
1635,20,Female,59,48150.99613806673,93.4539106871612,300,5.0,Digital-Shoppers,3,
1637,46,Male,3,75584.84210796824,97.1510003229138,304,5.0,Digital-Shoppers,3,
1639,25,Male,40,63041.57222234198,100.0,308,5.0,Digital-Shoppers,3,
1641,70,Female,66,65037.57062542564,100.0,313,5.0,Digital-Shoppers,3,
1642,41,Female,34,63430.53162453676,100.0,304,5.0,Digital-Shoppers,3,
1650,72,Male,25,55029.46767793293,100.0,302,5.0,Digital-Shoppers,3,
1652,40,Male,44,44095.23972837516,100.0,300,5.0,Digital-Shoppers,3,
1658,47,Female,26,78911.17755189471,100.0,300,5.0,Digital-Shoppers,3,
1660,36,Female,37,64773.320053397736,100.0,300,5.0,Digital-Shoppers,3,
1661,36,Female,16,43350.03373323444,100.0,300,5.0,Digital-Shoppers,3,
1668,18,Male,87,62395.93190875166,97.95026040207468,312,5.0,Digital-Shoppers,3,
1672,39,Male,19,70251.99932018988,100.0,300,5.0,Digital-Shoppers,3,
1680,55,Male,35,53191.45039900231,100.0,300,5.0,Digital-Shoppers,3,
1682,37,Male,71,80330.93495253782,100.0,303,5.0,Digital-Shoppers,3,
1684,26,Female,74,61283.65007930003,95.759639990174,300,5.0,Digital-Shoppers,3,
1697,26,Female,100,79328.1670744927,100.0,316,5.0,Digital-Shoppers,3,
1700,37,Male,28,56069.96890979999,100.0,300,5.0,Digital-Shoppers,3,
1711,43,Male,117,59629.46868269845,100.0,300,5.0,Digital-Shoppers,3,
1712,36,Male,93,80974.93516151118,96.29399996285645,300,5.0,Digital-Shoppers,3,
1720,49,Female,84,60780.3117126583,95.12805892852116,300,5.0,Digital-Shoppers,3,
1721,19,Male,74,54961.63597743111,100.0,300,5.0,Digital-Shoppers,3,
1724,47,Female,53,76288.6615355543,100.0,300,5.0,Digital-Shoppers,3,
1726,45,Female,53,80269.86066616123,100.0,300,5.0,Digital-Shoppers,3,
1729,33,Female,31,60271.740628044994,100.0,302,5.0,Digital-Shoppers,3,
1732,51,Male,1,66634.56584505922,100.0,310,5.0,Digital-Shoppers,3,
1733,19,Male,6,51414.96402843321,89.99598234110218,300,5.0,Digital-Shoppers,3,
1736,48,Female,103,60522.17080567852,100.0,300,5.0,Digital-Shoppers,3,
1744,52,Male,19,70131.33216303597,100.0,306,5.0,Digital-Shoppers,3,
1752,30,Male,77,67522.1982503085,97.53648822071956,310,5.0,Digital-Shoppers,3,
1753,60,Male,63,62590.00681017325,100.0,301,5.0,Digital-Shoppers,3,
1757,47,Male,49,66016.45150701537,100.0,300,5.0,Digital-Shoppers,3,
1776,34,Male,45,63063.94720232559,75.53770620514241,308,5.0,Digital-Shoppers,3,
1778,43,Female,4,64182.37183798917,98.35406825956716,300,5.0,Digital-Shoppers,3,
1779,54,Female,117,65792.20552006109,100.0,300,5.0,Digital-Shoppers,3,
1783,54,Female,73,58603.76806331507,84.11748190247782,305,5.0,Digital-Shoppers,3,
1798,45,Female,43,58070.03804792971,100.0,317,5.0,Digital-Shoppers,3,
1805,40,Male,17,78330.79312655695,91.89252686084632,301,5.0,Digital-Shoppers,3,
1811,38,Male,69,61825.28898924343,100.0,319,5.0,Digital-Shoppers,3,
1813,47,Female,15,54856.186228693376,100.0,300,5.0,Digital-Shoppers,3,
1815,22,Male,110,61229.19716971184,100.0,300,5.0,Digital-Shoppers,3,
1816,49,Female,34,61877.77606192505,100.0,309,5.0,Digital-Shoppers,3,
1819,60,Female,8,69615.47503575683,100.0,300,5.0,Digital-Shoppers,3,
1834,44,Female,20,79576.73279166191,94.0631297637998,300,5.0,Digital-Shoppers,3,
1842,28,Male,20,63583.827317025454,100.0,300,5.0,Digital-Shoppers,3,
1843,50,Female,60,60985.36525816054,99.4161690406502,300,5.0,Digital-Shoppers,3,
1845,52,Male,64,69282.73950063018,100.0,317,5.0,Digital-Shoppers,3,
1847,80,Female,108,70618.3830046053,100.0,304,5.0,Digital-Shoppers,3,
1855,36,Female,71,77707.23662429802,89.50925135075985,300,5.0,Digital-Shoppers,3,
1864,35,Male,2,69783.17967796257,100.0,300,5.0,Digital-Shoppers,3,
1874,44,Male,88,71492.56724646442,100.0,300,5.0,Digital-Shoppers,3,
1875,71,Male,93,51738.71159045664,100.0,300,5.0,Digital-Shoppers,3,
1882,37,Female,29,61247.36079249777,100.0,300,5.0,Digital-Shoppers,3,
1887,39,Male,23,70594.4658567787,96.7546987096311,300,5.0,Digital-Shoppers,3,
1889,61,Female,46,64642.976164835,100.0,316,5.0,Digital-Shoppers,3,
1890,57,Female,44,75899.50054257785,97.3852763646757,303,5.0,Digital-Shoppers,3,
1891,52,Male,48,63565.35700539284,100.0,306,5.0,Digital-Shoppers,3,
1898,63,Male,85,56943.17103342367,100.0,309,5.0,Digital-Shoppers,3,
1902,45,Female,100,54591.27299829241,100.0,302,5.0,Digital-Shoppers,3,
1903,64,Male,61,53338.23633962688,100.0,300,5.0,Digital-Shoppers,3,
1911,48,Female,55,60225.59837076905,86.00283985940602,307,5.0,Digital-Shoppers,3,
1913,68,Female,13,77998.80777060706,86.85284999807992,300,5.0,Digital-Shoppers,3,
1916,54,Male,90,81752.92056633404,100.0,300,5.0,Digital-Shoppers,3,
1918,38,Male,71,78884.4883757944,100.0,300,5.0,Digital-Shoppers,3,
1927,50,Male,106,81101.61443676363,100.0,305,5.0,Digital-Shoppers,3,
1930,36,Male,74,70891.42088865249,100.0,308,5.0,Digital-Shoppers,3,
1939,36,Female,18,82530.04811868971,100.0,311,5.0,Digital-Shoppers,3,
1941,58,Male,25,73036.25943534494,100.0,300,5.0,Digital-Shoppers,3,
1946,22,Male,17,76078.34156044744,100.0,300,5.0,Digital-Shoppers,3,
1954,43,Female,84,64425.91821946274,100.0,300,5.0,Digital-Shoppers,3,
1965,66,Male,45,66838.44436063591,100.0,310,5.0,Digital-Shoppers,3,
1971,34,Male,40,59741.65387336712,93.4130056900091,310,5.0,Digital-Shoppers,3,
1973,35,Male,92,66221.39782418354,100.0,315,5.0,Digital-Shoppers,3,
1979,56,Female,1,59612.4093924582,100.0,309,5.0,Digital-Shoppers,3,
1982,30,Male,32,69068.96552592004,73.66447004812679,303,5.0,Digital-Shoppers,3,
1989,45,Male,4,54363.36681329226,75.7021836051118,318,5.0,Digital-Shoppers,3,
1990,48,Male,88,81219.47787926326,100.0,300,5.0,Digital-Shoppers,3,
1991,18,Female,23,66016.62238422324,100.0,300,5.0,Digital-Shoppers,3,
1995,40,Female,30,74922.54860767121,100.0,312,5.0,Digital-Shoppers,3,
1999,53,Male,67,73641.57574340425,100.0,300,5.0,Digital-Shoppers,3,
2001,58,Male,101,68615.96703358302,100.0,311,5.0,Digital-Shoppers,3,
2009,36,Male,1,81669.40599705427,83.30841427066547,300,5.0,Digital-Shoppers,3,
2010,64,Male,97,74645.75562793735,85.74973349599829,300,5.0,Digital-Shoppers,3,
2011,47,Male,15,61645.31124632385,100.0,300,5.0,Digital-Shoppers,3,
2012,76,Female,81,67507.54841239264,100.0,305,5.0,Digital-Shoppers,3,
2015,47,Male,52,68282.71748110137,100.0,300,5.0,Digital-Shoppers,3,
2022,44,Male,7,76027.30424759156,100.0,309,5.0,Digital-Shoppers,3,
2025,51,Male,87,71331.03424186078,100.0,300,5.0,Digital-Shoppers,3,
2031,19,Female,118,69436.00589191978,100.0,300,5.0,Digital-Shoppers,3,
2033,54,Female,34,61842.58279904463,96.70776961660316,312,5.0,Digital-Shoppers,3,
2038,48,Male,99,73107.80533933776,100.0,343,5.0,Digital-Shoppers,3,
2042,61,Female,9,65306.30063007813,93.3326202095339,300,5.0,Digital-Shoppers,3,
2044,42,Male,21,84091.72676839461,98.77828072075349,300,5.0,Digital-Shoppers,3,
2046,54,Female,13,68898.05533124162,100.0,310,5.0,Digital-Shoppers,3,
2047,21,Female,3,78304.23257547802,100.0,300,5.0,Digital-Shoppers,3,
2048,67,Female,68,74519.50848078477,100.0,300,5.0,Digital-Shoppers,3,
2050,35,Male,107,76380.74960252813,100.0,305,5.0,Digital-Shoppers,3,
2052,52,Male,7,48173.89287501975,100.0,300,5.0,Digital-Shoppers,3,
2062,62,Female,39,73295.80476440815,100.0,313,5.0,Digital-Shoppers,3,
2066,25,Female,76,62189.27396053568,71.45024331193524,302,5.0,Digital-Shoppers,3,
2069,50,Male,47,75564.5573396379,100.0,305,5.0,Digital-Shoppers,3,
2070,44,Female,101,83770.99475420451,100.0,301,5.0,Digital-Shoppers,3,
2088,41,Male,12,60573.03108373749,100.0,300,5.0,Digital-Shoppers,3,
2090,43,Male,34,83859.05786832975,100.0,318,5.0,Digital-Shoppers,3,
2098,58,Male,94,59190.72435862718,100.0,303,5.0,Digital-Shoppers,3,
2101,18,Male,42,57402.39621724093,90.33518910958747,300,5.0,Digital-Shoppers,3,
2102,76,Male,49,66326.06012349136,100.0,319,5.0,Digital-Shoppers,3,
2115,50,Male,7,97780.8433463455,100.0,318,5.0,Digital-Shoppers,3,
2118,48,Female,112,57390.92397971041,100.0,303,5.0,Digital-Shoppers,3,
2130,49,Female,32,69127.20240891316,100.0,308,5.0,Digital-Shoppers,3,
2132,69,Female,97,75584.86940432321,100.0,300,5.0,Digital-Shoppers,3,
2138,53,Male,40,62026.71178801402,85.20485792216918,319,5.0,Digital-Shoppers,3,
2148,68,Male,93,66959.97893968492,100.0,304,5.0,Digital-Shoppers,3,
2149,32,Female,43,70277.4485159262,88.51683463691501,304,5.0,Digital-Shoppers,3,
2153,25,Female,53,75299.22085725563,100.0,300,5.0,Digital-Shoppers,3,
2157,78,Female,118,56653.53516272283,100.0,309,5.0,Digital-Shoppers,3,
2160,18,Male,52,80146.96416872703,100.0,301,5.0,Digital-Shoppers,3,
2163,20,Female,31,73533.54312076369,88.3658376451298,313,5.0,Digital-Shoppers,3,
2164,60,Female,66,56717.42909647748,96.3672172773074,304,5.0,Digital-Shoppers,3,
2166,65,Male,91,68110.46024458448,100.0,300,5.0,Digital-Shoppers,3,
2169,57,Female,27,87082.39242110684,100.0,300,5.0,Digital-Shoppers,3,
2173,44,Female,59,51526.55888251284,100.0,300,5.0,Digital-Shoppers,3,
2181,65,Male,88,71048.01905575005,100.0,308,5.0,Digital-Shoppers,3,
2183,21,Male,53,56487.85606063193,100.0,300,5.0,Digital-Shoppers,3,
2192,35,Female,4,39143.52046187777,100.0,302,5.0,Digital-Shoppers,3,
2193,49,Male,51,47150.87347042108,100.0,314,5.0,Digital-Shoppers,3,
2198,48,Female,70,60826.09840312704,100.0,300,5.0,Digital-Shoppers,3,
2199,65,Female,73,78628.65551835993,89.00125853558724,319,5.0,Digital-Shoppers,3,
2202,46,Male,29,74174.23637228625,100.0,301,5.0,Digital-Shoppers,3,
2205,45,Male,92,75780.12267197156,90.14555368870998,300,5.0,Digital-Shoppers,3,
2208,23,Male,95,65370.42374657429,91.5713728786328,317,5.0,Digital-Shoppers,3,
2211,34,Male,8,59572.07950414814,100.0,300,5.0,Digital-Shoppers,3,
2215,63,Male,28,62767.89752924814,100.0,300,5.0,Digital-Shoppers,3,
2220,27,Male,73,77741.08990119322,98.63748501957168,300,5.0,Digital-Shoppers,3,
2221,49,Female,7,72477.53483059737,100.0,300,5.0,Digital-Shoppers,3,
2227,42,Female,15,62482.9492567494,100.0,300,5.0,Digital-Shoppers,3,
2236,70,Male,56,72730.92236164324,100.0,307,5.0,Digital-Shoppers,3,
2243,29,Female,28,76058.53736931375,100.0,311,5.0,Digital-Shoppers,3,
2245,26,Male,84,56138.9306774304,94.66302054221016,300,5.0,Digital-Shoppers,3,
2253,50,Male,40,82275.11577801446,92.39707046857043,300,5.0,Digital-Shoppers,3,
2262,53,Female,77,52138.439107468046,100.0,305,5.0,Digital-Shoppers,3,
2265,23,Male,22,63758.87541295299,100.0,315,5.0,Digital-Shoppers,3,
2267,31,Female,79,57522.99136341146,82.66117746352504,300,5.0,Digital-Shoppers,3,
2271,54,Female,9,81170.52915938744,100.0,307,5.0,Digital-Shoppers,3,
2277,50,Male,45,71818.180896795,99.72733082991064,310,5.0,Digital-Shoppers,3,
2281,42,Female,40,57933.65427553917,97.39414441056488,300,5.0,Digital-Shoppers,3,
2287,52,Female,108,57268.22745981872,85.65112931549852,301,5.0,Digital-Shoppers,3,
2289,18,Female,6,77503.21009486973,100.0,300,5.0,Digital-Shoppers,3,
2290,50,Female,3,64337.99303837167,100.0,319,5.0,Digital-Shoppers,3,
2292,44,Female,66,52216.42529555189,98.06001879175852,314,5.0,Digital-Shoppers,3,
2301,59,Female,88,70004.48879534063,96.35634037416636,309,5.0,Digital-Shoppers,3,
2307,44,Male,102,68095.95696276783,100.0,307,5.0,Digital-Shoppers,3,
2310,44,Female,108,59148.98752277453,100.0,309,5.0,Digital-Shoppers,3,
2318,35,Female,34,75243.71731083137,100.0,300,5.0,Digital-Shoppers,3,
2320,45,Female,117,73895.7784549239,94.09479632694196,317,5.0,Digital-Shoppers,3,
2326,30,Female,3,71575.26333730295,100.0,302,5.0,Digital-Shoppers,3,
2331,63,Female,81,62639.34924556343,100.0,300,5.0,Digital-Shoppers,3,
2333,67,Male,3,62409.59324673005,97.90801171328688,300,5.0,Digital-Shoppers,3,
2335,39,Female,117,73167.70613875025,92.42190811350837,302,5.0,Digital-Shoppers,3,
2339,47,Female,18,62084.16923618107,100.0,300,5.0,Digital-Shoppers,3,
2341,45,Female,103,74115.3827743901,100.0,306,5.0,Digital-Shoppers,3,
2357,50,Female,26,50692.78191782016,100.0,300,5.0,Digital-Shoppers,3,
2358,22,Female,86,84553.74874093664,100.0,303,5.0,Digital-Shoppers,3,
2361,53,Female,66,72184.96389358357,100.0,300,5.0,Digital-Shoppers,3,
2366,44,Female,113,48167.84139385937,95.4491262732059,305,5.0,Digital-Shoppers,3,
2371,70,Female,82,59956.109311859465,100.0,304,5.0,Digital-Shoppers,3,
2373,20,Female,7,71219.24840408194,100.0,309,5.0,Digital-Shoppers,3,
2378,35,Male,86,62370.19150186801,83.14149753126344,303,5.0,Digital-Shoppers,3,
2380,55,Male,39,62307.977949043765,93.73488676138982,304,5.0,Digital-Shoppers,3,
2388,45,Female,62,61122.13918281696,100.0,310,5.0,Digital-Shoppers,3,
2391,34,Male,73,53975.28731901039,96.9470578402498,307,5.0,Digital-Shoppers,3,
2394,39,Female,54,63823.292150006,100.0,311,5.0,Digital-Shoppers,3,
2395,47,Male,106,54852.9635293267,100.0,300,5.0,Digital-Shoppers,3,
2396,24,Male,81,79901.16706449013,100.0,300,5.0,Digital-Shoppers,3,
2406,23,Female,33,60710.32314995761,100.0,304,5.0,Digital-Shoppers,3,
2408,40,Male,117,67683.06587986529,100.0,314,5.0,Digital-Shoppers,3,
2411,53,Female,46,48628.54795718743,100.0,316,5.0,Digital-Shoppers,3,
2415,58,Female,6,79318.5428261254,100.0,307,5.0,Digital-Shoppers,3,
2417,49,Male,117,60026.80421674916,100.0,300,5.0,Digital-Shoppers,3,
2419,52,Female,119,42062.90550487278,100.0,300,5.0,Digital-Shoppers,3,
2425,18,Male,25,75596.14122095042,100.0,300,5.0,Digital-Shoppers,3,
2426,75,Male,11,60343.9215669128,100.0,319,5.0,Digital-Shoppers,3,
2431,57,Male,95,38391.45769991686,100.0,317,5.0,Digital-Shoppers,3,
2437,69,Male,1,58336.52355653262,100.0,304,5.0,Digital-Shoppers,3,
2443,25,Female,60,65697.52072973424,100.0,305,5.0,Digital-Shoppers,3,
2444,50,Male,34,81387.15902141412,100.0,300,5.0,Digital-Shoppers,3,
2449,45,Female,85,70073.40077569523,100.0,306,5.0,Digital-Shoppers,3,
2455,18,Male,47,77580.93809499948,100.0,300,5.0,Digital-Shoppers,3,
2458,64,Female,30,52854.51251878606,100.0,300,5.0,Digital-Shoppers,3,
2464,36,Male,72,69518.53616688619,100.0,310,5.0,Digital-Shoppers,3,
2465,53,Male,91,65895.17674965083,100.0,300,5.0,Digital-Shoppers,3,
2471,35,Female,75,58784.27639825861,100.0,300,5.0,Digital-Shoppers,3,
2472,42,Male,6,66295.83574215873,100.0,300,5.0,Digital-Shoppers,3,
2474,33,Male,62,59566.042898635176,100.0,306,5.0,Digital-Shoppers,3,
2477,51,Male,103,64154.37170193432,100.0,300,5.0,Digital-Shoppers,3,
2478,31,Male,88,65561.46456480266,94.09763939272636,305,5.0,Digital-Shoppers,3,
2481,39,Female,116,63954.98013190734,100.0,300,5.0,Digital-Shoppers,3,
2488,22,Male,56,63865.261619468576,100.0,316,5.0,Digital-Shoppers,3,
2494,68,Male,10,58606.12758102444,98.87974836202666,300,5.0,Digital-Shoppers,3,
2497,63,Female,97,69902.10951316605,100.0,300,5.0,Digital-Shoppers,3,
2505,38,Male,98,56872.10666928087,100.0,319,5.0,Digital-Shoppers,3,
2506,55,Male,67,53309.2200194715,100.0,300,5.0,Digital-Shoppers,3,
2510,27,Female,10,57360.17746493383,100.0,317,5.0,Digital-Shoppers,3,
2512,34,Male,82,66207.23333365226,100.0,303,5.0,Digital-Shoppers,3,
2515,43,Female,21,62804.48295909614,100.0,303,5.0,Digital-Shoppers,3,
2517,54,Male,3,63416.46129142511,100.0,300,5.0,Digital-Shoppers,3,
2519,72,Male,89,61554.33009715151,100.0,300,5.0,Digital-Shoppers,3,
2521,53,Male,49,71836.00201057433,100.0,300,5.0,Digital-Shoppers,3,
2522,41,Male,72,77187.26578033353,100.0,300,5.0,Digital-Shoppers,3,
2524,39,Male,73,70294.2570182315,100.0,300,5.0,Digital-Shoppers,3,
2533,42,Male,103,56622.11677368145,100.0,300,5.0,Digital-Shoppers,3,
2540,44,Female,66,80810.10955350095,100.0,300,5.0,Digital-Shoppers,3,
2541,71,Male,71,63538.47889020394,100.0,300,5.0,Digital-Shoppers,3,
2547,49,Female,118,36444.87799274598,85.30916936878627,300,5.0,Digital-Shoppers,3,
2550,43,Male,7,80849.7532865725,99.20636182693644,319,5.0,Digital-Shoppers,3,
2553,32,Male,44,71699.30383172882,100.0,300,5.0,Digital-Shoppers,3,
2558,67,Female,16,52249.75112737209,100.0,318,5.0,Digital-Shoppers,3,
2560,44,Female,118,50227.06164183413,100.0,300,5.0,Digital-Shoppers,3,
2568,21,Male,103,86173.99621595189,94.14881412329946,300,5.0,Digital-Shoppers,3,
2573,24,Female,90,71266.59430371874,100.0,300,5.0,Digital-Shoppers,3,
2579,32,Male,55,79461.04703462606,100.0,300,5.0,Digital-Shoppers,3,
2583,45,Male,4,58342.08826811399,100.0,300,5.0,Digital-Shoppers,3,
2584,51,Female,85,74364.93364647916,84.86010606917903,300,5.0,Digital-Shoppers,3,
2589,46,Male,37,68244.31811028965,100.0,300,5.0,Digital-Shoppers,3,
2590,28,Female,49,68670.08305253948,100.0,305,5.0,Digital-Shoppers,3,
2593,58,Male,1,60995.7069991483,100.0,300,5.0,Digital-Shoppers,3,
2596,54,Female,33,65489.66689023881,83.20919731868393,300,5.0,Digital-Shoppers,3,
2600,42,Female,23,63559.942812959394,100.0,300,5.0,Digital-Shoppers,3,
2602,35,Male,71,71267.1013325871,100.0,300,5.0,Digital-Shoppers,3,
2613,43,Male,37,74320.68468516115,100.0,316,5.0,Digital-Shoppers,3,
2617,33,Male,90,68746.20477035262,75.88688918909415,300,5.0,Digital-Shoppers,3,
2618,38,Female,107,56087.33196533729,88.98025855476985,300,5.0,Digital-Shoppers,3,
2628,46,Female,81,61374.1594047951,99.49791355438236,315,5.0,Digital-Shoppers,3,
2631,32,Male,109,78215.5503599791,100.0,319,5.0,Digital-Shoppers,3,
2633,60,Female,2,79710.4079682444,75.84061337559712,308,5.0,Digital-Shoppers,3,
2637,51,Female,116,92741.42471038448,100.0,300,5.0,Digital-Shoppers,3,
2639,28,Male,31,70254.5521097446,100.0,302,5.0,Digital-Shoppers,3,
2651,49,Male,50,63188.429177546524,100.0,303,5.0,Digital-Shoppers,3,
2658,29,Male,62,70550.73675144717,100.0,300,5.0,Digital-Shoppers,3,
2659,62,Male,79,75950.52566180998,100.0,300,5.0,Digital-Shoppers,3,
2663,35,Male,65,48474.58180809111,100.0,303,5.0,Digital-Shoppers,3,
2665,44,Female,56,63756.90210962705,100.0,300,5.0,Digital-Shoppers,3,
2666,30,Male,67,68213.7527448035,98.59266108628132,300,5.0,Digital-Shoppers,3,
2691,37,Male,38,66965.89877277563,100.0,302,5.0,Digital-Shoppers,3,
2692,58,Female,61,75143.64043414767,100.0,300,5.0,Digital-Shoppers,3,
2695,74,Female,72,69926.21029791147,100.0,300,5.0,Digital-Shoppers,3,
2697,34,Male,74,65398.99324863865,100.0,300,5.0,Digital-Shoppers,3,
2698,52,Female,7,76085.69374694067,100.0,301,5.0,Digital-Shoppers,3,
2700,50,Male,16,88500.72575981128,100.0,300,5.0,Digital-Shoppers,3,
2701,52,Female,14,59740.74864327324,100.0,317,5.0,Digital-Shoppers,3,
2702,54,Male,80,57968.221361700045,95.84016098940914,308,5.0,Digital-Shoppers,3,
2703,61,Female,25,72586.3831372278,100.0,316,5.0,Digital-Shoppers,3,
2706,55,Male,29,64265.475731466846,100.0,314,5.0,Digital-Shoppers,3,
2707,73,Female,56,64391.99300420127,100.0,314,5.0,Digital-Shoppers,3,
2712,18,Female,115,66040.68836104705,93.49581140614109,308,5.0,Digital-Shoppers,3,
2715,43,Male,57,60365.39586001093,100.0,308,5.0,Digital-Shoppers,3,
2716,49,Female,67,72336.81118459882,100.0,300,5.0,Digital-Shoppers,3,
2717,47,Female,65,69523.03105491142,100.0,300,5.0,Digital-Shoppers,3,
2722,56,Female,30,68998.90674235419,100.0,301,5.0,Digital-Shoppers,3,
2728,50,Female,54,63945.81691588322,92.0243673818374,307,5.0,Digital-Shoppers,3,
2730,41,Female,4,70561.62918452313,100.0,308,5.0,Digital-Shoppers,3,
2740,43,Female,99,72321.67818536576,100.0,312,5.0,Digital-Shoppers,3,
2742,46,Male,116,72015.71112289708,98.98316654548674,309,5.0,Digital-Shoppers,3,
2744,31,Male,93,68581.06191530265,79.06795657006231,328,5.0,Digital-Shoppers,3,
2752,35,Male,49,92393.26406386224,100.0,317,5.0,Digital-Shoppers,3,
2756,42,Female,26,68773.80732987117,100.0,300,5.0,Digital-Shoppers,3,
2764,41,Female,6,55382.60198461964,100.0,316,5.0,Digital-Shoppers,3,
2766,77,Male,33,73473.95494073692,56.944688172087176,300,5.0,Digital-Shoppers,3,
2773,47,Female,51,90152.88967441687,100.0,311,5.0,Digital-Shoppers,3,
2774,33,Female,2,72797.32628682417,100.0,300,5.0,Digital-Shoppers,3,
2783,56,Female,4,71432.36107191324,100.0,300,5.0,Digital-Shoppers,3,
2789,65,Male,118,76339.76127235014,100.0,306,5.0,Digital-Shoppers,3,
2791,46,Female,99,59142.22012555036,89.3953652725697,301,5.0,Digital-Shoppers,3,
2792,42,Female,113,61670.0645751892,94.53365814728863,300,5.0,Digital-Shoppers,3,
2793,55,Male,107,61018.07949156768,100.0,300,5.0,Digital-Shoppers,3,
2797,33,Male,106,66665.75045581018,100.0,304,5.0,Digital-Shoppers,3,
2798,61,Female,106,68082.41853635476,100.0,312,5.0,Digital-Shoppers,3,
2799,45,Male,67,59571.27322078045,97.29752416268768,300,5.0,Digital-Shoppers,3,
2800,73,Male,90,62465.12543127572,100.0,309,5.0,Digital-Shoppers,3,
2810,37,Male,24,68514.81856741525,100.0,310,5.0,Digital-Shoppers,3,
2811,47,Female,91,74429.77496512617,89.81512690498927,310,5.0,Digital-Shoppers,3,
2814,40,Female,15,82658.11277215282,100.0,309,5.0,Digital-Shoppers,3,
2816,18,Male,102,78288.40415615284,100.0,300,5.0,Digital-Shoppers,3,
2818,41,Female,98,70752.20436640813,100.0,313,5.0,Digital-Shoppers,3,
2823,35,Female,96,61575.24443520773,100.0,309,5.0,Digital-Shoppers,3,
2826,28,Male,53,56954.43054097077,100.0,314,5.0,Digital-Shoppers,3,
2830,55,Male,7,72812.15218286336,100.0,300,5.0,Digital-Shoppers,3,
2837,46,Male,5,67013.97197874407,100.0,364,5.0,Digital-Shoppers,3,
2843,46,Male,23,72531.48124298819,100.0,300,5.0,Digital-Shoppers,3,
2848,59,Male,95,51420.922843867214,100.0,300,5.0,Digital-Shoppers,3,
2850,35,Male,2,73725.93372794743,100.0,303,5.0,Digital-Shoppers,3,
2854,60,Female,96,67038.38195298932,90.65253262420624,319,5.0,Digital-Shoppers,3,
2858,49,Male,94,75514.47430084558,100.0,301,5.0,Digital-Shoppers,3,
2861,57,Male,82,52789.48406237236,100.0,317,5.0,Digital-Shoppers,3,
2868,28,Female,82,68175.65935773595,100.0,309,5.0,Digital-Shoppers,3,
2869,38,Male,54,57364.20666624174,100.0,318,5.0,Digital-Shoppers,3,
2876,36,Male,63,71100.6751894779,100.0,300,5.0,Digital-Shoppers,3,
2880,59,Female,19,72070.46053285502,100.0,300,5.0,Digital-Shoppers,3,
2883,36,Female,24,63134.34953003837,100.0,300,5.0,Digital-Shoppers,3,
2885,49,Male,87,67378.29831819923,66.6417079686234,319,5.0,Digital-Shoppers,3,
2888,37,Male,33,78079.49339460877,89.85154873712816,312,5.0,Digital-Shoppers,3,
2891,45,Male,33,74954.37469629901,100.0,303,5.0,Digital-Shoppers,3,
2896,41,Female,41,76139.55350183627,99.68718591373823,305,5.0,Digital-Shoppers,3,
2904,43,Female,54,73155.87236831697,100.0,300,5.0,Digital-Shoppers,3,
2907,28,Male,98,67117.50453789228,100.0,310,5.0,Digital-Shoppers,3,
2915,36,Female,10,63177.00297472125,100.0,307,5.0,Digital-Shoppers,3,
2917,35,Female,8,68395.10895555916,100.0,301,5.0,Digital-Shoppers,3,
2921,56,Female,105,71933.68204697802,100.0,312,5.0,Digital-Shoppers,3,
2923,48,Female,20,60204.97959221017,100.0,300,5.0,Digital-Shoppers,3,
2925,31,Male,72,56337.19084667132,100.0,300,5.0,Digital-Shoppers,3,
2927,40,Male,98,47532.953389479626,100.0,300,5.0,Digital-Shoppers,3,
2938,61,Female,35,73763.90486664478,100.0,313,5.0,Digital-Shoppers,3,
2948,61,Female,35,66097.26727312843,100.0,300,5.0,Digital-Shoppers,3,
2954,36,Female,39,55355.109919908056,100.0,306,5.0,Digital-Shoppers,3,
2957,80,Male,15,70936.5663835544,100.0,308,5.0,Digital-Shoppers,3,
2959,48,Female,66,58397.2034348251,100.0,310,5.0,Digital-Shoppers,3,
2961,49,Female,56,73781.64250034907,100.0,315,5.0,Digital-Shoppers,3,
2962,52,Male,49,77866.44506048204,95.3364495709044,306,5.0,Digital-Shoppers,3,
2969,62,Male,48,59545.460435903246,100.0,312,5.0,Digital-Shoppers,3,
2975,39,Male,49,57998.42363831648,68.4262365835479,313,5.0,Digital-Shoppers,3,
2985,52,Female,104,53801.408769901405,100.0,301,5.0,Digital-Shoppers,3,
2986,55,Male,81,78180.39376590934,100.0,300,5.0,Digital-Shoppers,3,
2987,52,Male,69,71998.01639087964,100.0,300,5.0,Digital-Shoppers,3,
2989,51,Female,34,53618.21729071176,100.0,315,5.0,Digital-Shoppers,3,
2992,62,Female,81,68317.98270441123,100.0,312,5.0,Digital-Shoppers,3,
2995,61,Female,65,72148.78595559364,100.0,300,5.0,Digital-Shoppers,3,
3006,45,Male,107,61418.45218052363,100.0,306,5.0,Digital-Shoppers,3,
3008,54,Female,69,85594.16726177635,100.0,300,5.0,Digital-Shoppers,3,
3019,26,Male,51,67666.02111714898,100.0,302,5.0,Digital-Shoppers,3,
3020,45,Male,112,67214.97605428427,100.0,300,5.0,Digital-Shoppers,3,
3027,63,Male,61,65148.94545845245,100.0,300,5.0,Digital-Shoppers,3,
3032,52,Female,89,70755.90766367047,80.43790550162679,300,5.0,Digital-Shoppers,3,
3033,52,Male,24,66405.69916713133,100.0,300,5.0,Digital-Shoppers,3,
3038,44,Female,33,69735.10387121244,100.0,300,5.0,Digital-Shoppers,3,
3040,34,Male,37,45776.57499184748,100.0,313,5.0,Digital-Shoppers,3,
3048,40,Male,21,66473.6731421004,83.12654253762565,300,5.0,Digital-Shoppers,3,
3049,47,Female,20,67614.93568107641,100.0,308,5.0,Digital-Shoppers,3,
3056,37,Female,47,66650.19766181306,93.382883166272,300,5.0,Digital-Shoppers,3,
3064,48,Female,101,63927.555423571175,88.51840717443396,300,5.0,Digital-Shoppers,3,
3068,66,Male,23,68724.41720715951,100.0,310,5.0,Digital-Shoppers,3,
3071,63,Male,31,66489.82423988996,100.0,300,5.0,Digital-Shoppers,3,
3072,46,Female,16,60068.49264943228,100.0,300,5.0,Digital-Shoppers,3,
3073,47,Male,41,68229.11167751589,100.0,308,5.0,Digital-Shoppers,3,
3074,35,Male,90,67471.12329485573,98.79361461630214,306,5.0,Digital-Shoppers,3,
3078,42,Male,12,85260.43742068054,93.24470014027357,300,5.0,Digital-Shoppers,3,
3079,38,Male,101,64434.10572279438,100.0,300,5.0,Digital-Shoppers,3,
3085,26,Male,36,58865.18333204528,100.0,319,5.0,Digital-Shoppers,3,
3090,49,Male,61,59143.87370194029,100.0,310,5.0,Digital-Shoppers,3,
3098,21,Female,62,65788.32220426832,100.0,300,5.0,Digital-Shoppers,3,
3099,57,Male,114,57189.51596667469,83.47708045886546,300,5.0,Digital-Shoppers,3,
3100,50,Male,110,60343.49510627116,100.0,300,5.0,Digital-Shoppers,3,
3101,31,Male,3,79679.96111233892,100.0,306,5.0,Digital-Shoppers,3,
3105,69,Male,5,52937.15148740045,100.0,318,5.0,Digital-Shoppers,3,
3110,36,Female,118,58836.01977903753,100.0,306,5.0,Digital-Shoppers,3,
3111,42,Female,71,84694.361304191,100.0,300,5.0,Digital-Shoppers,3,
3112,45,Male,70,53833.49989013228,100.0,300,5.0,Digital-Shoppers,3,
3115,37,Male,1,53301.11127444862,92.63337204810404,300,5.0,Digital-Shoppers,3,
3116,41,Female,83,74237.27667561172,100.0,300,5.0,Digital-Shoppers,3,
3118,18,Female,36,56275.38617160183,100.0,300,5.0,Digital-Shoppers,3,
3120,80,Female,84,61337.08530523639,100.0,312,5.0,Digital-Shoppers,3,
3124,45,Female,59,50702.4303455578,100.0,311,5.0,Digital-Shoppers,3,
3129,55,Male,41,56635.44480806651,100.0,318,5.0,Digital-Shoppers,3,
3130,51,Male,19,69269.33456495589,100.0,305,5.0,Digital-Shoppers,3,
3134,39,Male,41,51765.28888033577,100.0,300,5.0,Digital-Shoppers,3,
3140,47,Male,79,72593.69982293368,100.0,304,5.0,Digital-Shoppers,3,
3146,20,Female,2,71945.91940041266,70.57617520504641,300,5.0,Digital-Shoppers,3,
3150,42,Male,67,66068.70140474183,100.0,300,5.0,Digital-Shoppers,3,
3151,69,Female,30,74281.29179950994,100.0,309,5.0,Digital-Shoppers,3,
3157,40,Female,69,55654.5670111869,92.32245087105808,300,5.0,Digital-Shoppers,3,
3158,64,Male,2,63933.152369475465,99.10512373120358,317,5.0,Digital-Shoppers,3,
3160,28,Female,56,70372.41636182906,81.15047892632596,300,5.0,Digital-Shoppers,3,
3166,32,Male,56,69834.32682911262,100.0,300,5.0,Digital-Shoppers,3,
3174,32,Male,14,68045.27796788437,100.0,300,5.0,Digital-Shoppers,3,
3187,41,Male,54,69522.13078334965,100.0,300,5.0,Digital-Shoppers,3,
3191,51,Female,111,59367.82744713043,100.0,300,5.0,Digital-Shoppers,3,
3201,42,Female,37,79740.73403840496,59.4380171076168,300,5.0,Digital-Shoppers,3,
3202,55,Male,53,65725.0068454993,100.0,300,5.0,Digital-Shoppers,3,
3207,50,Female,23,69679.0227588097,100.0,305,5.0,Digital-Shoppers,3,
3211,54,Male,85,55542.507535549936,100.0,319,5.0,Digital-Shoppers,3,
3220,39,Male,83,89838.64028031798,100.0,300,5.0,Digital-Shoppers,3,
3221,35,Female,5,64268.4824682458,100.0,300,5.0,Digital-Shoppers,3,
3226,66,Female,44,55047.28688026313,100.0,308,5.0,Digital-Shoppers,3,
3231,56,Female,47,71851.07445148386,100.0,314,5.0,Digital-Shoppers,3,
3235,55,Male,68,55926.34522233517,100.0,300,5.0,Digital-Shoppers,3,
3237,30,Male,41,64918.32255892861,100.0,300,5.0,Digital-Shoppers,3,
3239,55,Male,74,67644.36265397552,100.0,306,5.0,Digital-Shoppers,3,
3240,46,Female,91,62432.36072646222,100.0,301,5.0,Digital-Shoppers,3,
3248,42,Male,104,56354.120531388886,100.0,300,5.0,Digital-Shoppers,3,
3253,44,Female,45,75916.36418245816,96.40152501612292,305,5.0,Digital-Shoppers,3,
3255,50,Male,59,51702.88994579686,86.46755804490732,313,5.0,Digital-Shoppers,3,
3259,47,Female,32,65724.10632533712,77.21954617928708,315,5.0,Digital-Shoppers,3,
3260,51,Female,6,65136.528701438736,100.0,317,5.0,Digital-Shoppers,3,
3263,28,Female,37,72314.2057069906,94.03906198413694,313,5.0,Digital-Shoppers,3,
3264,55,Male,13,55753.4963205207,100.0,300,5.0,Digital-Shoppers,3,
3276,55,Female,21,61671.1703448601,100.0,300,5.0,Digital-Shoppers,3,
3290,71,Male,83,73218.02848963001,100.0,306,5.0,Digital-Shoppers,3,
3291,59,Female,34,55346.694262476616,100.0,300,5.0,Digital-Shoppers,3,
3294,32,Female,87,62655.72921815044,100.0,300,5.0,Digital-Shoppers,3,
3295,52,Male,53,66244.90003117341,90.59154327159398,300,5.0,Digital-Shoppers,3,
3297,66,Male,3,81955.18078908781,100.0,301,5.0,Digital-Shoppers,3,
3298,54,Male,67,81402.69159654964,100.0,300,5.0,Digital-Shoppers,3,
3305,80,Male,69,69143.47316979614,100.0,300,5.0,Digital-Shoppers,3,
3316,57,Male,19,71892.10480119985,100.0,318,5.0,Digital-Shoppers,3,
3317,35,Female,32,51382.49841153354,100.0,315,5.0,Digital-Shoppers,3,
3319,28,Male,29,71631.34144552679,100.0,300,5.0,Digital-Shoppers,3,
3326,28,Male,26,73260.11422429032,100.0,300,5.0,Digital-Shoppers,3,
3328,55,Female,51,76031.55839737605,88.06168126810954,318,5.0,Digital-Shoppers,3,
3331,43,Male,9,53052.57164059877,100.0,300,5.0,Digital-Shoppers,3,
3336,52,Female,3,55101.93910200605,68.80965774732441,300,5.0,Digital-Shoppers,3,
3338,45,Male,96,55517.977903339415,73.63953174922997,300,5.0,Digital-Shoppers,3,
3342,52,Female,3,83854.88730423925,100.0,300,5.0,Digital-Shoppers,3,
3343,37,Male,24,70103.8429856734,100.0,300,5.0,Digital-Shoppers,3,
3344,18,Male,13,67802.9327471655,94.53572422360936,312,5.0,Digital-Shoppers,3,
3360,29,Female,80,61766.292784270336,100.0,308,5.0,Digital-Shoppers,3,
3372,47,Male,104,73560.86671663384,100.0,300,5.0,Digital-Shoppers,3,
3373,52,Female,51,62831.719920461495,100.0,300,5.0,Digital-Shoppers,3,
3375,66,Male,17,73456.80869539846,100.0,300,5.0,Digital-Shoppers,3,
3385,33,Female,94,83955.67431846507,100.0,300,5.0,Digital-Shoppers,3,
3390,18,Male,113,63795.62912436353,100.0,300,5.0,Digital-Shoppers,3,
3391,31,Male,29,67970.03205558025,93.91265119194776,307,5.0,Digital-Shoppers,3,
3402,36,Male,118,68880.73288873844,100.0,300,5.0,Digital-Shoppers,3,
3403,40,Female,26,44846.9807217677,100.0,316,5.0,Digital-Shoppers,3,
3404,70,Female,9,36611.97647693032,81.05830344524624,300,5.0,Digital-Shoppers,3,
3407,57,Male,99,49367.23787180104,99.46034877355166,300,5.0,Digital-Shoppers,3,
3414,60,Female,1,72574.1488342439,95.8118223765473,300,5.0,Digital-Shoppers,3,
3416,53,Male,73,51094.64414477007,100.0,305,5.0,Digital-Shoppers,3,
3432,44,Male,95,75541.96648830333,100.0,300,5.0,Digital-Shoppers,3,
3433,42,Male,25,55911.07449604396,100.0,312,5.0,Digital-Shoppers,3,
3441,65,Male,42,57869.79868627861,98.76603093583964,300,5.0,Digital-Shoppers,3,
3444,37,Male,8,57155.70274863047,100.0,300,5.0,Digital-Shoppers,3,
3449,34,Male,77,72742.30678948612,95.48075535725236,300,5.0,Digital-Shoppers,3,
3456,36,Male,64,56599.58656898376,86.6059262412007,317,5.0,Digital-Shoppers,3,
3461,56,Female,57,56104.573544292456,100.0,311,5.0,Digital-Shoppers,3,
3465,58,Male,52,66566.75475043051,100.0,310,5.0,Digital-Shoppers,3,
3483,33,Male,96,71220.98990218215,86.26187630922665,301,5.0,Digital-Shoppers,3,
3485,57,Female,29,66915.95731452898,100.0,304,5.0,Digital-Shoppers,3,
3486,39,Male,22,70050.53703591255,93.3778285103497,301,5.0,Digital-Shoppers,3,
3489,18,Male,61,73075.65683604876,100.0,300,5.0,Digital-Shoppers,3,
3495,57,Male,31,70689.05643622577,100.0,300,5.0,Digital-Shoppers,3,
3498,56,Female,38,60103.62229347846,100.0,312,5.0,Digital-Shoppers,3,
3504,28,Female,35,61568.63461250121,100.0,315,5.0,Digital-Shoppers,3,
3507,63,Female,72,72030.00578179925,94.16007620850604,300,5.0,Digital-Shoppers,3,
3512,53,Male,35,74089.82150883203,100.0,300,5.0,Digital-Shoppers,3,
3517,18,Female,109,77353.60663507505,100.0,300,5.0,Digital-Shoppers,3,
3519,32,Male,111,96700.00628040417,100.0,319,5.0,Digital-Shoppers,3,
3523,40,Female,32,74098.09553815372,100.0,309,5.0,Digital-Shoppers,3,
3530,52,Male,86,67603.18371363165,100.0,300,5.0,Digital-Shoppers,3,
3533,31,Male,102,68376.97627243721,100.0,307,5.0,Digital-Shoppers,3,
3539,45,Male,62,71692.25373030352,100.0,300,5.0,Digital-Shoppers,3,
3544,80,Female,92,74864.46191155344,100.0,304,5.0,Digital-Shoppers,3,
3549,76,Female,106,56971.83489293455,97.80766996133408,312,5.0,Digital-Shoppers,3,
3560,29,Male,59,71594.63181322177,100.0,300,5.0,Digital-Shoppers,3,
3561,46,Female,28,53114.79053547784,100.0,300,5.0,Digital-Shoppers,3,
3565,38,Female,47,76998.24704153692,100.0,300,5.0,Digital-Shoppers,3,
3566,30,Female,14,67944.3369009902,100.0,300,5.0,Digital-Shoppers,3,
3568,57,Female,74,78296.131500593,100.0,300,5.0,Digital-Shoppers,3,
3576,66,Female,29,76622.53902276693,100.0,310,5.0,Digital-Shoppers,3,
3578,49,Male,108,54611.150768071486,77.69609132136488,305,5.0,Digital-Shoppers,3,
3583,63,Female,61,82805.67768297462,100.0,317,5.0,Digital-Shoppers,3,
3584,61,Female,41,52939.40240586806,100.0,313,5.0,Digital-Shoppers,3,
3592,44,Male,3,79640.92111977159,100.0,318,5.0,Digital-Shoppers,3,
3593,45,Female,117,59937.45384313513,100.0,313,5.0,Digital-Shoppers,3,
3595,18,Male,90,80156.72102712424,100.0,307,5.0,Digital-Shoppers,3,
3597,48,Female,17,57697.37073510957,100.0,300,5.0,Digital-Shoppers,3,
3602,35,Male,75,60933.73540241802,100.0,300,5.0,Digital-Shoppers,3,
3605,42,Male,87,66921.78917657111,92.3392056208073,300,5.0,Digital-Shoppers,3,
3608,58,Male,98,60690.27141325895,81.12275901004595,314,5.0,Digital-Shoppers,3,
3617,46,Female,35,67012.5148322528,100.0,300,5.0,Digital-Shoppers,3,
3623,66,Female,6,79282.1034452003,100.0,300,5.0,Digital-Shoppers,3,
3624,51,Male,110,71786.99696535661,100.0,300,5.0,Digital-Shoppers,3,
3625,32,Female,33,62308.65491865955,100.0,300,5.0,Digital-Shoppers,3,
3634,70,Male,46,56757.90880596388,100.0,300,5.0,Digital-Shoppers,3,
3641,41,Female,89,76522.26969551883,100.0,347,5.0,Digital-Shoppers,3,
3644,28,Female,52,61241.24808271522,100.0,300,5.0,Digital-Shoppers,3,
3645,33,Female,35,55557.86391678359,100.0,300,5.0,Digital-Shoppers,3,
3646,39,Female,119,64425.57963463225,100.0,300,5.0,Digital-Shoppers,3,
3647,23,Female,69,77102.46050310494,100.0,300,5.0,Digital-Shoppers,3,
3649,58,Female,100,92149.68696064405,100.0,300,5.0,Digital-Shoppers,3,
3652,52,Female,52,66969.01273013589,100.0,309,5.0,Digital-Shoppers,3,
3653,60,Female,14,44673.835153606415,100.0,300,5.0,Digital-Shoppers,3,
3658,47,Male,1,83008.70627830995,100.0,304,5.0,Digital-Shoppers,3,
3662,53,Male,37,46321.39695842434,94.2290567588754,300,5.0,Digital-Shoppers,3,
3668,53,Female,88,62783.63115150241,100.0,300,5.0,Digital-Shoppers,3,
3676,50,Male,43,77844.73469415707,100.0,300,5.0,Digital-Shoppers,3,
3677,21,Male,71,61615.01028559087,100.0,307,5.0,Digital-Shoppers,3,
3681,40,Female,29,72799.62289916739,100.0,302,5.0,Digital-Shoppers,3,
3682,40,Male,22,75274.34856808487,91.25638896121292,300,5.0,Digital-Shoppers,3,
3688,56,Female,50,66408.6652431275,100.0,302,5.0,Digital-Shoppers,3,
3689,54,Male,118,73462.90657267079,100.0,318,5.0,Digital-Shoppers,3,
3695,66,Female,85,83936.72225924433,85.40207857210596,300,5.0,Digital-Shoppers,3,
3701,61,Female,23,58186.32214491658,100.0,316,5.0,Digital-Shoppers,3,
3703,60,Male,21,78106.65417515812,90.13610981532614,318,5.0,Digital-Shoppers,3,
3709,68,Male,63,57447.81506553833,100.0,303,5.0,Digital-Shoppers,3,
3713,24,Female,50,58687.78839103827,89.07702552579994,309,5.0,Digital-Shoppers,3,
3715,18,Female,6,71365.153596819,83.88855053252908,346,5.0,Digital-Shoppers,3,
3721,37,Male,69,83336.98389309131,100.0,318,5.0,Digital-Shoppers,3,
3729,37,Male,43,76502.81243134553,87.2552330847338,315,5.0,Digital-Shoppers,3,
3730,63,Male,27,65132.43081312916,100.0,300,5.0,Digital-Shoppers,3,
3743,53,Male,56,64768.582997247264,97.23697590233532,311,5.0,Digital-Shoppers,3,
3744,18,Male,54,57084.69079847148,100.0,305,5.0,Digital-Shoppers,3,
3745,40,Male,87,61040.09889748027,100.0,300,5.0,Digital-Shoppers,3,
3750,71,Male,27,57365.36578376007,90.55739493279508,300,5.0,Digital-Shoppers,3,
3751,68,Female,102,75137.71037996304,100.0,310,5.0,Digital-Shoppers,3,
3754,43,Male,45,71459.35678981182,100.0,300,5.0,Digital-Shoppers,3,
3755,38,Male,114,62492.10893839238,90.56434281475596,300,5.0,Digital-Shoppers,3,
3758,28,Female,36,60633.11440454877,100.0,313,5.0,Digital-Shoppers,3,
3764,48,Female,119,73237.14953023182,100.0,319,5.0,Digital-Shoppers,3,
3768,37,Male,52,74477.95909617674,100.0,300,5.0,Digital-Shoppers,3,
3769,42,Male,49,80206.76928315294,97.73115150440496,300,5.0,Digital-Shoppers,3,
3773,21,Female,96,57303.28743478919,89.91980363862557,314,5.0,Digital-Shoppers,3,
3774,37,Female,23,77169.80676705307,99.39980177637176,300,5.0,Digital-Shoppers,3,
3779,52,Male,44,82465.84048705695,100.0,314,5.0,Digital-Shoppers,3,
3787,25,Female,52,88784.75631780614,100.0,309,5.0,Digital-Shoppers,3,
3790,53,Male,63,70546.72253322476,100.0,311,5.0,Digital-Shoppers,3,
3797,18,Male,109,77564.84552705078,100.0,300,5.0,Digital-Shoppers,3,
3803,29,Female,67,54621.366656849175,100.0,300,5.0,Digital-Shoppers,3,
3809,36,Male,74,53074.26319902946,100.0,300,5.0,Digital-Shoppers,3,
3812,71,Male,83,76325.69238204413,100.0,306,5.0,Digital-Shoppers,3,
3817,50,Female,48,81356.51391671377,100.0,304,5.0,Digital-Shoppers,3,
3820,40,Female,117,67138.7673499397,49.11076743256633,300,5.0,Digital-Shoppers,3,
3828,59,Female,30,53070.26171420527,100.0,306,5.0,Digital-Shoppers,3,
3833,40,Male,113,72837.89454584484,100.0,309,5.0,Digital-Shoppers,3,
3834,41,Male,3,84003.62118785821,100.0,315,5.0,Digital-Shoppers,3,
3838,78,Male,95,63353.055627991685,100.0,300,5.0,Digital-Shoppers,3,
3847,32,Female,18,63955.44903126497,90.6536427001035,300,5.0,Digital-Shoppers,3,
3851,57,Male,53,61414.32423445301,100.0,316,5.0,Digital-Shoppers,3,
3855,37,Male,40,40809.68340237692,100.0,300,5.0,Digital-Shoppers,3,
3856,34,Female,88,70479.37095528691,100.0,300,5.0,Digital-Shoppers,3,
3858,62,Female,8,69118.87533529647,100.0,300,5.0,Digital-Shoppers,3,
3869,63,Male,73,70726.70404223302,91.85935889734284,300,5.0,Digital-Shoppers,3,
3874,44,Female,92,71015.90885869993,96.18234837854952,302,5.0,Digital-Shoppers,3,
3875,31,Female,44,56835.88474457336,100.0,304,5.0,Digital-Shoppers,3,
3880,18,Female,84,74912.18746697935,100.0,308,5.0,Digital-Shoppers,3,
3881,18,Female,76,60844.69466917941,100.0,309,5.0,Digital-Shoppers,3,
3884,18,Male,34,44428.417052948535,100.0,300,5.0,Digital-Shoppers,3,
3890,47,Male,110,52810.35368522938,83.62661715767283,315,5.0,Digital-Shoppers,3,
3896,18,Female,17,68915.51206904593,93.1979383826405,300,5.0,Digital-Shoppers,3,
3898,40,Female,74,80482.01912307617,100.0,309,5.0,Digital-Shoppers,3,
3902,36,Female,88,70895.44965949508,100.0,300,5.0,Digital-Shoppers,3,
3903,49,Female,62,64769.07425713736,95.68893015359713,300,5.0,Digital-Shoppers,3,
3906,38,Female,107,80579.71440838758,100.0,300,5.0,Digital-Shoppers,3,
3913,56,Male,112,59027.251522987775,100.0,300,5.0,Digital-Shoppers,3,
3917,55,Male,50,59903.47016790491,82.24159842694979,309,5.0,Digital-Shoppers,3,
3921,56,Male,52,78448.69930141495,100.0,300,5.0,Digital-Shoppers,3,
3925,48,Female,15,83314.35057361504,100.0,300,5.0,Digital-Shoppers,3,
3926,43,Female,87,77420.1663627592,100.0,300,5.0,Digital-Shoppers,3,
3929,59,Male,74,54427.67616612908,100.0,317,5.0,Digital-Shoppers,3,
3934,58,Male,25,67971.34149715783,100.0,300,5.0,Digital-Shoppers,3,
3937,41,Male,90,60351.55863618317,100.0,300,5.0,Digital-Shoppers,3,
3941,38,Female,52,62756.40269400492,100.0,310,5.0,Digital-Shoppers,3,
3946,46,Female,10,64041.55984541455,100.0,317,5.0,Digital-Shoppers,3,
3947,18,Male,112,87428.25373512527,100.0,310,5.0,Digital-Shoppers,3,
3951,56,Female,90,63170.95386784896,100.0,300,5.0,Digital-Shoppers,3,
3952,52,Male,99,60731.98218845768,99.72841951363507,300,5.0,Digital-Shoppers,3,
3953,67,Male,91,37911.04903463864,100.0,300,5.0,Digital-Shoppers,3,
3958,62,Female,38,64650.10884731772,84.83651044488997,300,5.0,Digital-Shoppers,3,
3959,28,Female,6,65415.16759059043,100.0,300,5.0,Digital-Shoppers,3,
3966,50,Female,78,60921.59186753597,100.0,300,5.0,Digital-Shoppers,3,
3967,36,Female,53,77233.88793914848,100.0,302,5.0,Digital-Shoppers,3,
3968,18,Female,66,70949.93637994614,100.0,300,5.0,Digital-Shoppers,3,
3970,18,Male,23,75833.90009517291,100.0,300,5.0,Digital-Shoppers,3,
3987,46,Male,28,75076.20743229419,100.0,305,5.0,Digital-Shoppers,3,
3992,46,Male,56,61551.304105217096,100.0,310,5.0,Digital-Shoppers,3,
4001,32,Female,57,59312.82237757359,90.90476201446054,300,5.0,Digital-Shoppers,3,
4002,38,Male,47,68272.44188477471,95.76206619922064,319,5.0,Digital-Shoppers,3,
4007,21,Female,15,58773.03011727547,100.0,322,5.0,Digital-Shoppers,3,
4009,37,Female,105,60686.436749927474,79.34490780433836,300,5.0,Digital-Shoppers,3,
4013,24,Female,109,71421.3537138707,100.0,301,5.0,Digital-Shoppers,3,
4016,22,Female,77,71757.38123373775,100.0,306,5.0,Digital-Shoppers,3,
4021,38,Male,21,60998.28081004328,100.0,319,5.0,Digital-Shoppers,3,
4026,47,Male,90,64062.51351446875,100.0,300,5.0,Digital-Shoppers,3,
4030,18,Female,42,69022.33125374783,100.0,317,5.0,Digital-Shoppers,3,
4038,30,Male,104,62806.24514187989,94.94486932415424,310,5.0,Digital-Shoppers,3,
4039,41,Male,16,44848.512698325474,85.693647429351,306,5.0,Digital-Shoppers,3,
4046,62,Female,119,71633.51187924756,100.0,317,5.0,Digital-Shoppers,3,
4048,51,Female,94,64110.44048723685,93.44253359423408,300,5.0,Digital-Shoppers,3,
4057,48,Female,22,81401.66959538331,100.0,300,5.0,Digital-Shoppers,3,
4058,26,Male,93,50012.13279513789,100.0,300,5.0,Digital-Shoppers,3,
4060,49,Male,112,66075.93442087232,100.0,308,5.0,Digital-Shoppers,3,
4063,37,Male,45,61745.8364670392,100.0,300,5.0,Digital-Shoppers,3,
4064,22,Female,96,83461.29253727115,100.0,300,5.0,Digital-Shoppers,3,
4072,48,Male,30,51209.6563802792,100.0,300,5.0,Digital-Shoppers,3,
4082,18,Female,38,56806.64271616442,100.0,316,5.0,Digital-Shoppers,3,
4083,28,Female,23,64165.74071456138,100.0,319,5.0,Digital-Shoppers,3,
4086,44,Female,57,77137.23566924968,100.0,309,5.0,Digital-Shoppers,3,
4089,47,Female,52,55349.20147783879,100.0,300,5.0,Digital-Shoppers,3,
4090,18,Male,108,69931.2582065369,100.0,313,5.0,Digital-Shoppers,3,
4093,51,Female,14,60085.990599468736,80.6695272252243,300,5.0,Digital-Shoppers,3,
4096,60,Female,14,64994.13420429942,100.0,317,5.0,Digital-Shoppers,3,
4100,34,Female,1,55138.066255891565,100.0,300,5.0,Digital-Shoppers,3,
4109,18,Male,32,72059.05474035686,100.0,300,5.0,Digital-Shoppers,3,
4113,26,Male,114,72921.59817950577,100.0,300,5.0,Digital-Shoppers,3,
4115,48,Female,116,66526.97847835194,100.0,300,5.0,Digital-Shoppers,3,
4118,60,Female,62,58496.45842963072,100.0,300,5.0,Digital-Shoppers,3,
4119,69,Male,58,53142.17673680183,91.1072727737708,301,5.0,Digital-Shoppers,3,
4125,56,Male,106,64947.96193483057,100.0,316,5.0,Digital-Shoppers,3,
4136,59,Female,108,48157.277875513326,100.0,312,5.0,Digital-Shoppers,3,
4140,57,Female,19,79036.68202614828,100.0,312,5.0,Digital-Shoppers,3,
4142,43,Male,48,78443.89201897476,100.0,308,5.0,Digital-Shoppers,3,
4143,35,Male,86,67852.95441068361,100.0,300,5.0,Digital-Shoppers,3,
4153,39,Male,110,71114.34191414766,89.25032771394943,305,5.0,Digital-Shoppers,3,
4159,49,Male,82,75638.50333310252,78.22437512390822,300,5.0,Digital-Shoppers,3,
4160,35,Female,64,74437.06690329134,100.0,300,5.0,Digital-Shoppers,3,
4175,33,Female,99,61554.85938725666,100.0,300,5.0,Digital-Shoppers,3,
4191,55,Male,5,71870.28194115606,100.0,300,5.0,Digital-Shoppers,3,
4196,55,Male,89,71088.3155127397,100.0,300,5.0,Digital-Shoppers,3,
4199,51,Male,42,73324.84991974651,100.0,314,5.0,Digital-Shoppers,3,
4200,47,Female,46,70919.83519618148,100.0,307,5.0,Digital-Shoppers,3,
4201,51,Female,53,67351.9233170471,95.03062780829951,316,5.0,Digital-Shoppers,3,
4204,30,Male,104,65910.07932037472,100.0,314,5.0,Digital-Shoppers,3,
4208,58,Male,26,73792.58409529211,100.0,300,5.0,Digital-Shoppers,3,
4211,27,Male,108,58442.9513521407,100.0,307,5.0,Digital-Shoppers,3,
4214,56,Male,39,66389.91153108617,100.0,315,5.0,Digital-Shoppers,3,
4217,37,Female,41,59434.06709999989,82.78660815991944,300,5.0,Digital-Shoppers,3,
4220,29,Male,26,56824.08171498513,100.0,300,5.0,Digital-Shoppers,3,
4222,65,Female,77,50052.38185270584,100.0,300,5.0,Digital-Shoppers,3,
4224,49,Female,24,52027.93572936457,100.0,300,5.0,Digital-Shoppers,3,
4228,56,Male,18,55679.69792157007,100.0,300,5.0,Digital-Shoppers,3,
4231,18,Female,6,65114.42578837659,100.0,307,5.0,Digital-Shoppers,3,
4232,28,Female,43,60287.207733811454,100.0,300,5.0,Digital-Shoppers,3,
4238,47,Male,81,68787.3345904336,100.0,317,5.0,Digital-Shoppers,3,
4241,80,Female,58,71999.44826893896,100.0,300,5.0,Digital-Shoppers,3,
4243,60,Male,50,68370.99182877441,100.0,317,5.0,Digital-Shoppers,3,
4244,42,Male,100,49390.36567258412,100.0,300,5.0,Digital-Shoppers,3,
4245,56,Female,31,74246.79729974677,100.0,303,5.0,Digital-Shoppers,3,
4253,60,Female,52,55569.8770787254,100.0,300,5.0,Digital-Shoppers,3,
4254,50,Female,7,48822.32533453967,100.0,300,5.0,Digital-Shoppers,3,
4255,47,Male,76,67789.69730979048,100.0,300,5.0,Digital-Shoppers,3,
4257,34,Male,90,84711.31327901693,100.0,300,5.0,Digital-Shoppers,3,
4258,62,Male,92,84404.51771945278,88.26423560963855,312,5.0,Digital-Shoppers,3,
4259,66,Male,15,52822.95115588205,100.0,300,5.0,Digital-Shoppers,3,
4260,41,Female,78,81048.02223141605,100.0,300,5.0,Digital-Shoppers,3,
4265,74,Female,93,52048.09794257241,100.0,300,5.0,Digital-Shoppers,3,
4267,39,Male,6,62803.97345433346,94.7673204818486,304,5.0,Digital-Shoppers,3,
4270,41,Female,92,42870.73664019556,100.0,300,5.0,Digital-Shoppers,3,
4272,58,Male,78,75420.80006829932,100.0,305,5.0,Digital-Shoppers,3,
4279,53,Female,61,57254.41902422407,100.0,300,5.0,Digital-Shoppers,3,
4280,32,Female,56,47643.87812601633,100.0,300,5.0,Digital-Shoppers,3,
4284,21,Male,40,69014.49706616679,100.0,300,5.0,Digital-Shoppers,3,
4287,41,Female,29,63505.0758063959,100.0,314,5.0,Digital-Shoppers,3,
4289,40,Male,109,78384.23933600017,100.0,319,5.0,Digital-Shoppers,3,
4292,64,Male,66,74792.17340338422,100.0,300,5.0,Digital-Shoppers,3,
4297,30,Female,49,75264.02041554771,100.0,300,5.0,Digital-Shoppers,3,
4300,50,Female,42,59799.26828434896,92.7595491128633,315,5.0,Digital-Shoppers,3,
4302,48,Male,63,85479.46847803527,100.0,316,5.0,Digital-Shoppers,3,
4310,27,Female,65,88833.31138067006,100.0,317,5.0,Digital-Shoppers,3,
4313,29,Male,3,51648.57342388094,86.5781249726473,300,5.0,Digital-Shoppers,3,
4316,44,Male,65,70177.15056683164,87.04283775991644,300,5.0,Digital-Shoppers,3,
4319,79,Female,13,59309.54939248563,52.67661828242213,315,5.0,Digital-Shoppers,3,
4321,31,Male,73,65625.73431662044,100.0,300,5.0,Digital-Shoppers,3,
4325,52,Male,40,63050.862339832616,100.0,300,5.0,Digital-Shoppers,3,
4327,36,Male,99,54497.04918584075,100.0,300,5.0,Digital-Shoppers,3,
4333,53,Female,66,65843.98442195953,100.0,303,5.0,Digital-Shoppers,3,
4336,24,Male,47,65365.90007301084,90.45815111007632,300,5.0,Digital-Shoppers,3,
4350,37,Male,72,68011.20640135516,100.0,317,5.0,Digital-Shoppers,3,
4354,36,Female,69,80398.51884240145,92.91576070441128,300,5.0,Digital-Shoppers,3,
4363,24,Female,107,69803.95473350617,100.0,300,5.0,Digital-Shoppers,3,
4368,51,Male,65,71320.43838321825,94.98022454426552,300,5.0,Digital-Shoppers,3,
4389,47,Female,54,55218.44454698142,94.03596558761788,300,5.0,Digital-Shoppers,3,
4391,32,Male,91,54045.15736107073,96.61396118919536,300,5.0,Digital-Shoppers,3,
4393,43,Male,6,74606.54215896226,100.0,315,5.0,Digital-Shoppers,3,
4396,52,Male,15,66970.36038325938,100.0,303,5.0,Digital-Shoppers,3,
4397,67,Female,68,71592.36196321927,100.0,310,5.0,Digital-Shoppers,3,
4398,79,Female,57,62760.820037058176,100.0,302,5.0,Digital-Shoppers,3,
4406,55,Female,113,54860.10347888695,100.0,300,5.0,Digital-Shoppers,3,
4408,41,Male,64,73018.96259505089,100.0,300,5.0,Digital-Shoppers,3,
4410,34,Female,111,80485.91269451192,100.0,300,5.0,Digital-Shoppers,3,
4411,38,Male,26,69014.73403999762,100.0,314,5.0,Digital-Shoppers,3,
4412,74,Male,58,76328.81781259224,100.0,300,5.0,Digital-Shoppers,3,
4433,43,Male,77,76434.11741307378,100.0,318,5.0,Digital-Shoppers,3,
4435,58,Male,44,71319.91631167628,100.0,304,5.0,Digital-Shoppers,3,
4436,53,Male,78,67133.06795345184,79.06285255684986,300,5.0,Digital-Shoppers,3,
4441,35,Female,113,54221.04916688723,77.17343826019615,301,5.0,Digital-Shoppers,3,
4444,55,Male,109,60616.59558044645,100.0,300,5.0,Digital-Shoppers,3,
4447,32,Female,54,45146.777537168135,89.84625064731162,300,5.0,Digital-Shoppers,3,
4451,26,Male,92,69700.10765958086,100.0,312,5.0,Digital-Shoppers,3,
4452,43,Female,38,67647.85574290727,100.0,300,5.0,Digital-Shoppers,3,
4456,61,Male,107,62710.16210730615,90.69109895646784,305,5.0,Digital-Shoppers,3,
4459,27,Female,38,65281.096733423474,100.0,300,5.0,Digital-Shoppers,3,
4462,47,Male,44,70467.30988309377,81.49809062184487,300,5.0,Digital-Shoppers,3,
4472,45,Female,67,56299.3298448889,100.0,300,5.0,Digital-Shoppers,3,
4476,59,Male,113,52025.19514166896,100.0,319,5.0,Digital-Shoppers,3,
4479,65,Female,63,77277.46744456846,100.0,300,5.0,Digital-Shoppers,3,
4480,40,Female,1,61905.34313393593,100.0,300,5.0,Digital-Shoppers,3,
4485,37,Female,19,89102.68299178896,93.18198809447014,303,5.0,Digital-Shoppers,3,
4486,67,Female,52,69869.3909489617,100.0,300,5.0,Digital-Shoppers,3,
4494,52,Male,90,54900.01445500542,100.0,300,5.0,Digital-Shoppers,3,
4497,44,Female,9,83494.1993148525,100.0,300,5.0,Digital-Shoppers,3,
4501,35,Male,10,59420.31317661398,100.0,300,5.0,Digital-Shoppers,3,
4505,24,Female,52,89034.47297802738,84.78189809109038,317,5.0,Digital-Shoppers,3,
4510,63,Female,15,68441.84285389198,93.7191378897302,300,5.0,Digital-Shoppers,3,
4511,31,Male,17,79663.29677980267,100.0,318,5.0,Digital-Shoppers,3,
4513,18,Female,28,64915.7572918248,100.0,300,5.0,Digital-Shoppers,3,
4514,51,Female,85,62904.52800001393,100.0,300,5.0,Digital-Shoppers,3,
4517,51,Female,10,61294.65449369688,92.33141256994008,319,5.0,Digital-Shoppers,3,
4518,64,Female,114,66354.12138930405,100.0,317,5.0,Digital-Shoppers,3,
4521,18,Female,28,49272.57329787698,92.64292664577292,301,5.0,Digital-Shoppers,3,
4522,30,Male,24,73142.06693175255,100.0,300,5.0,Digital-Shoppers,3,
4524,36,Female,97,69373.42272419478,100.0,300,5.0,Digital-Shoppers,3,
4526,42,Female,56,58991.89539020519,100.0,312,5.0,Digital-Shoppers,3,
4529,29,Male,12,77337.51507686467,100.0,300,5.0,Digital-Shoppers,3,
4535,68,Female,98,60985.79084020455,100.0,311,5.0,Digital-Shoppers,3,
4541,66,Male,42,59084.51025480682,100.0,300,5.0,Digital-Shoppers,3,
4542,58,Female,34,77576.52560432222,89.90338423574488,300,5.0,Digital-Shoppers,3,
4545,49,Female,113,51178.40567006043,100.0,305,5.0,Digital-Shoppers,3,
4546,55,Male,17,55550.5841692484,100.0,300,5.0,Digital-Shoppers,3,
4553,80,Male,73,62901.98649008775,99.44816069538356,305,5.0,Digital-Shoppers,3,
4556,54,Female,46,79633.96889694584,100.0,300,5.0,Digital-Shoppers,3,
4557,46,Female,46,60708.64347855922,100.0,300,5.0,Digital-Shoppers,3,
4558,43,Female,17,58996.58652627005,100.0,314,5.0,Digital-Shoppers,3,
4559,25,Male,66,57595.92421292861,100.0,300,5.0,Digital-Shoppers,3,
4563,62,Male,54,58743.50854935297,90.71519273374402,304,5.0,Digital-Shoppers,3,
4568,48,Female,91,63163.33876501319,100.0,316,5.0,Digital-Shoppers,3,
4570,40,Female,116,63342.7946272379,100.0,300,5.0,Digital-Shoppers,3,
4571,64,Male,8,77083.85871541151,100.0,300,5.0,Digital-Shoppers,3,
4574,25,Male,96,62875.2634906273,96.64283422787538,305,5.0,Digital-Shoppers,3,
4575,49,Female,107,72535.17712661758,100.0,302,5.0,Digital-Shoppers,3,
4576,32,Male,111,68852.1890101238,93.343195827945,311,5.0,Digital-Shoppers,3,
4578,32,Male,38,61914.79165022128,100.0,300,5.0,Digital-Shoppers,3,
4585,25,Female,50,72206.51113000567,100.0,317,5.0,Digital-Shoppers,3,
4586,34,Female,56,54819.418804137065,100.0,300,5.0,Digital-Shoppers,3,
4589,39,Male,9,53995.97527255774,100.0,300,5.0,Digital-Shoppers,3,
4591,54,Female,110,66881.47821512709,100.0,300,5.0,Digital-Shoppers,3,
4594,63,Female,72,63140.95044389895,100.0,300,5.0,Digital-Shoppers,3,
4596,30,Male,57,66651.0922314912,98.82077884151325,300,5.0,Digital-Shoppers,3,
4598,50,Male,31,74443.90623644234,95.0252055510568,300,5.0,Digital-Shoppers,3,
4602,75,Female,83,63850.66355693303,72.45029249673463,300,5.0,Digital-Shoppers,3,
4604,56,Female,29,46061.05827922044,100.0,318,5.0,Digital-Shoppers,3,
4606,33,Male,12,81049.8779122697,100.0,319,5.0,Digital-Shoppers,3,
4614,55,Female,47,62582.129846578726,100.0,300,5.0,Digital-Shoppers,3,
4617,40,Male,26,49739.681552132446,100.0,300,5.0,Digital-Shoppers,3,
4618,62,Male,3,54112.77612821094,96.63683540612396,300,5.0,Digital-Shoppers,3,
4626,32,Female,38,66026.55741973675,100.0,306,5.0,Digital-Shoppers,3,
4629,35,Female,90,57207.29570449878,100.0,314,5.0,Digital-Shoppers,3,
4631,35,Male,5,55863.093209643564,100.0,300,5.0,Digital-Shoppers,3,
4632,41,Female,20,66943.11645981947,100.0,316,5.0,Digital-Shoppers,3,
4635,49,Female,14,61507.39524329622,91.78245961918286,300,5.0,Digital-Shoppers,3,
4637,50,Male,48,71212.06669127938,100.0,300,5.0,Digital-Shoppers,3,
4642,30,Female,65,64776.10570058094,100.0,300,5.0,Digital-Shoppers,3,
4645,28,Female,114,48169.865394584485,100.0,300,5.0,Digital-Shoppers,3,
4663,49,Male,25,59715.25394401376,100.0,300,5.0,Digital-Shoppers,3,
4664,62,Male,56,89765.55160262826,100.0,300,5.0,Digital-Shoppers,3,
4666,55,Male,86,76339.08134058652,100.0,300,5.0,Digital-Shoppers,3,
4672,27,Female,46,58192.26072822879,100.0,319,5.0,Digital-Shoppers,3,
4677,42,Male,93,79947.03285861258,100.0,300,5.0,Digital-Shoppers,3,
4678,62,Female,43,82030.93924363925,100.0,300,5.0,Digital-Shoppers,3,
4680,28,Male,100,49521.427076090025,100.0,300,5.0,Digital-Shoppers,3,
4681,39,Male,85,77111.05826603378,100.0,300,5.0,Digital-Shoppers,3,
4682,47,Male,85,79516.0667563357,87.93760472913615,300,5.0,Digital-Shoppers,3,
4684,54,Male,85,56917.65351501271,100.0,300,5.0,Digital-Shoppers,3,
4685,32,Male,4,67301.42072487496,89.63348760853185,300,5.0,Digital-Shoppers,3,
4687,48,Male,62,67642.79881782076,100.0,305,5.0,Digital-Shoppers,3,
4689,42,Male,115,58956.748022265616,100.0,313,5.0,Digital-Shoppers,3,
4693,60,Female,57,79397.31482713793,90.24438162778716,300,5.0,Digital-Shoppers,3,
4694,58,Male,45,60555.75878683606,100.0,300,5.0,Digital-Shoppers,3,
4698,58,Female,42,59071.15072877167,91.47831228107847,309,5.0,Digital-Shoppers,3,
4703,32,Male,58,68499.57789201976,99.43065955823346,302,5.0,Digital-Shoppers,3,
4704,42,Female,100,67643.97345455266,93.03825892437428,309,5.0,Digital-Shoppers,3,
4707,65,Female,38,77758.4010180334,100.0,300,5.0,Digital-Shoppers,3,
4717,79,Male,71,67639.44330333074,100.0,300,5.0,Digital-Shoppers,3,
4719,43,Male,104,68829.32274440643,100.0,308,5.0,Digital-Shoppers,3,
4721,70,Female,17,44817.48487591062,100.0,300,5.0,Digital-Shoppers,3,
4740,34,Male,8,85652.70093251571,100.0,300,5.0,Digital-Shoppers,3,
4741,52,Male,44,71720.30718341754,100.0,308,5.0,Digital-Shoppers,3,
4743,47,Female,104,86572.42016652066,100.0,302,5.0,Digital-Shoppers,3,
4745,42,Female,13,60777.85312219202,99.49911611614884,303,5.0,Digital-Shoppers,3,
4748,66,Male,96,49185.14038793613,100.0,300,5.0,Digital-Shoppers,3,
4750,36,Female,80,78878.20091012701,100.0,300,5.0,Digital-Shoppers,3,
4752,63,Female,82,52555.99649699857,100.0,300,5.0,Digital-Shoppers,3,
4776,18,Female,28,68241.00327678112,100.0,300,5.0,Digital-Shoppers,3,
4785,36,Male,104,53201.98200367174,100.0,305,5.0,Digital-Shoppers,3,
4786,49,Female,48,69933.02113761644,100.0,300,5.0,Digital-Shoppers,3,
4787,31,Female,45,82469.24012945658,100.0,306,5.0,Digital-Shoppers,3,
4790,53,Female,58,69908.83750050321,100.0,300,5.0,Digital-Shoppers,3,
4792,48,Female,2,59940.647404888565,93.7567192456914,300,5.0,Digital-Shoppers,3,
4794,45,Female,18,72259.88958259592,100.0,307,5.0,Digital-Shoppers,3,
4796,42,Female,8,52549.840685493786,100.0,300,5.0,Digital-Shoppers,3,
4798,30,Male,15,67138.1260361954,100.0,307,5.0,Digital-Shoppers,3,
4804,31,Male,93,77436.63393776405,93.1067570092625,307,5.0,Digital-Shoppers,3,
4807,18,Male,49,62384.097091449534,71.74727269123726,303,5.0,Digital-Shoppers,3,
4810,30,Female,18,61207.63664653669,87.7230661555811,309,5.0,Digital-Shoppers,3,
4812,32,Female,106,62722.626913157896,100.0,311,5.0,Digital-Shoppers,3,
4814,26,Female,102,59046.31545271729,100.0,300,5.0,Digital-Shoppers,3,
4816,39,Male,17,73944.51406415738,100.0,309,5.0,Digital-Shoppers,3,
4824,34,Female,64,80710.21814614898,100.0,300,5.0,Digital-Shoppers,3,
4827,52,Male,34,71541.95514220074,94.45716712401124,300,5.0,Digital-Shoppers,3,
4828,62,Female,95,71429.59777069913,85.8852149976107,317,5.0,Digital-Shoppers,3,
4829,52,Male,87,85331.56075816164,100.0,300,5.0,Digital-Shoppers,3,
4832,60,Female,64,62883.39406760017,100.0,304,5.0,Digital-Shoppers,3,
4835,39,Male,109,63500.26563985329,100.0,302,5.0,Digital-Shoppers,3,
4837,50,Male,19,62868.02763854911,86.27415091120979,300,5.0,Digital-Shoppers,3,
4840,35,Female,17,87773.1661560037,96.6465864799875,303,5.0,Digital-Shoppers,3,
4844,69,Female,41,81095.23250545596,100.0,300,5.0,Digital-Shoppers,3,
4847,38,Male,79,59510.50600436752,100.0,308,5.0,Digital-Shoppers,3,
4849,23,Female,15,58672.23742501153,100.0,300,5.0,Digital-Shoppers,3,
4853,28,Male,119,62684.92698231901,100.0,300,5.0,Digital-Shoppers,3,
4855,42,Male,108,81991.79628112388,100.0,300,5.0,Digital-Shoppers,3,
4858,34,Male,81,71688.32485647603,100.0,317,5.0,Digital-Shoppers,3,
4862,44,Male,51,71056.76150219433,77.72146565350099,300,5.0,Digital-Shoppers,3,
4866,49,Male,110,70788.80240543048,100.0,302,5.0,Digital-Shoppers,3,
4867,69,Male,36,84870.90260225565,86.76607135150098,300,5.0,Digital-Shoppers,3,
4870,24,Female,1,50831.7275787205,100.0,319,5.0,Digital-Shoppers,3,
4872,28,Male,6,65045.786332676544,100.0,300,5.0,Digital-Shoppers,3,
4874,33,Female,2,60756.67702817425,100.0,300,5.0,Digital-Shoppers,3,
4875,62,Male,117,60354.11527219896,100.0,300,5.0,Digital-Shoppers,3,
4878,22,Female,41,79646.1148408223,77.61959871166277,300,5.0,Digital-Shoppers,3,
4885,53,Female,66,49309.22502503407,100.0,307,5.0,Digital-Shoppers,3,
4887,42,Male,68,81882.77622795127,70.68283458505869,312,5.0,Digital-Shoppers,3,
4893,18,Male,13,68763.57125821564,95.13166466019494,300,5.0,Digital-Shoppers,3,
4894,39,Female,108,69517.5513782071,100.0,300,5.0,Digital-Shoppers,3,
4895,60,Male,2,67974.6063324277,64.96530969793076,300,5.0,Digital-Shoppers,3,
4906,64,Male,8,62958.43903887388,100.0,300,5.0,Digital-Shoppers,3,
4910,23,Male,110,58335.9909898684,100.0,316,5.0,Digital-Shoppers,3,
4914,22,Female,40,32182.411428367715,100.0,300,5.0,Digital-Shoppers,3,
4920,72,Female,45,59176.94428518958,95.44706826266923,300,5.0,Digital-Shoppers,3,
4923,20,Male,42,53059.74891050124,100.0,315,5.0,Digital-Shoppers,3,
4924,41,Female,5,66159.71307251677,87.17293598308783,300,5.0,Digital-Shoppers,3,
4925,39,Female,27,72828.69794027026,91.12425296699386,300,5.0,Digital-Shoppers,3,
4926,59,Female,70,83164.018646278,100.0,300,5.0,Digital-Shoppers,3,
4929,47,Male,8,77318.91618903863,100.0,309,5.0,Digital-Shoppers,3,
4951,32,Male,11,45133.236731885896,93.50571476824314,300,5.0,Digital-Shoppers,3,
4955,35,Male,97,74201.68770332645,100.0,313,5.0,Digital-Shoppers,3,
4956,43,Male,40,65608.54551867816,100.0,302,5.0,Digital-Shoppers,3,
4962,45,Male,111,82412.23786479385,98.66355224009304,300,5.0,Digital-Shoppers,3,
4964,35,Female,21,64295.876819625206,98.63835564491325,313,5.0,Digital-Shoppers,3,
4965,50,Female,111,51276.762340586,100.0,306,5.0,Digital-Shoppers,3,
4968,75,Male,18,68370.61430443493,76.19082615031445,300,5.0,Digital-Shoppers,3,
4973,46,Male,89,76104.39626195452,100.0,306,5.0,Digital-Shoppers,3,
4974,50,Female,34,76842.6367607761,100.0,319,5.0,Digital-Shoppers,3,
4979,29,Female,31,61164.76548106223,100.0,300,5.0,Digital-Shoppers,3,
4980,65,Male,25,48445.31476827465,100.0,300,5.0,Digital-Shoppers,3,
4984,48,Female,65,54708.54973043621,100.0,319,5.0,Digital-Shoppers,3,
4987,36,Male,28,72937.04239905918,80.50761761110495,300,5.0,Digital-Shoppers,3,
4990,19,Male,6,62927.07228729792,100.0,300,5.0,Digital-Shoppers,3,
4997,40,Female,83,77735.54378704625,100.0,303,5.0,Digital-Shoppers,3,
4998,69,Male,114,62597.596076027534,100.0,317,5.0,Digital-Shoppers,3,
4999,50,Female,70,66878.07276083197,79.34593582346896,300,5.0,Digital-Shoppers,3,
5008,37,Female,19,60895.89994052613,100.0,300,5.0,Digital-Shoppers,3,
5015,36,Female,101,63173.61889530204,88.50939891487664,300,5.0,Digital-Shoppers,3,
5018,37,Male,41,73955.51202540455,100.0,308,5.0,Digital-Shoppers,3,
5019,43,Male,117,77719.53812476,100.0,312,5.0,Digital-Shoppers,3,
5026,33,Female,6,55109.2073319949,100.0,300,5.0,Digital-Shoppers,3,
5030,57,Female,15,61181.32036256511,100.0,319,5.0,Digital-Shoppers,3,
5043,49,Female,34,66787.07243571457,100.0,300,5.0,Digital-Shoppers,3,
5044,58,Female,27,63511.12027421457,100.0,300,5.0,Digital-Shoppers,3,
5049,50,Male,102,64785.934916858576,91.15030757241962,300,5.0,Digital-Shoppers,3,
5054,29,Female,45,82376.37418502198,100.0,318,5.0,Digital-Shoppers,3,
5064,30,Male,19,63288.27644146329,100.0,300,5.0,Digital-Shoppers,3,
5067,49,Male,28,61339.32990253139,97.80319669715269,300,5.0,Digital-Shoppers,3,
5076,39,Male,10,71457.5888979017,100.0,300,5.0,Digital-Shoppers,3,
5078,39,Female,73,61754.56745725776,83.97015883650622,309,5.0,Digital-Shoppers,3,
5081,34,Male,115,52198.49053313604,99.28593611368264,300,5.0,Digital-Shoppers,3,
5086,57,Female,76,64266.463997129686,100.0,311,5.0,Digital-Shoppers,3,
5087,46,Male,62,52486.44873050147,100.0,300,5.0,Digital-Shoppers,3,
5089,39,Female,25,66430.40843364767,91.43691542303095,300,5.0,Digital-Shoppers,3,
5098,43,Female,81,59745.4340893609,97.59169695026344,317,5.0,Digital-Shoppers,3,
5101,33,Female,111,60048.95118739888,100.0,300,5.0,Digital-Shoppers,3,
5108,41,Male,80,45419.25734206528,100.0,300,5.0,Digital-Shoppers,3,
5109,48,Female,66,67825.31960435888,100.0,300,5.0,Digital-Shoppers,3,
5111,33,Female,1,58599.618817384166,72.77379944952419,300,5.0,Digital-Shoppers,3,
5119,29,Male,87,51946.6892950272,100.0,300,5.0,Digital-Shoppers,3,
5122,59,Male,46,64357.00914882839,86.77050296659773,300,5.0,Digital-Shoppers,3,
5124,49,Female,2,43736.79866505372,89.61618107895474,300,5.0,Digital-Shoppers,3,
5125,28,Female,56,56265.10622736572,100.0,300,5.0,Digital-Shoppers,3,
5133,64,Female,105,75255.42067924414,100.0,311,5.0,Digital-Shoppers,3,
5140,54,Male,83,47984.11614089634,100.0,301,5.0,Digital-Shoppers,3,
5148,37,Male,86,66603.03751678253,92.5744838107441,300,5.0,Digital-Shoppers,3,
5149,48,Female,117,64020.046930930745,100.0,310,5.0,Digital-Shoppers,3,
5160,45,Female,20,82807.29768842514,100.0,300,5.0,Digital-Shoppers,3,
5163,18,Male,108,85059.31789842084,100.0,300,5.0,Digital-Shoppers,3,
5166,40,Female,51,72417.19041444559,100.0,300,5.0,Digital-Shoppers,3,
5167,41,Male,119,76337.63070046295,100.0,300,5.0,Digital-Shoppers,3,
5169,34,Male,51,47523.53534993469,100.0,310,5.0,Digital-Shoppers,3,
5174,42,Male,76,72518.49392234183,77.37445961642594,309,5.0,Digital-Shoppers,3,
5175,52,Female,40,55177.62113221686,100.0,300,5.0,Digital-Shoppers,3,
5193,18,Male,34,71324.43483710437,92.12125299584032,300,5.0,Digital-Shoppers,3,
5200,48,Male,38,66555.28231292724,93.40081574899008,300,5.0,Digital-Shoppers,3,
5206,52,Female,95,77968.96031617872,98.29296183394104,303,5.0,Digital-Shoppers,3,
5207,18,Female,87,51756.72408906312,100.0,311,5.0,Digital-Shoppers,3,
5211,36,Female,118,59652.71395759264,100.0,308,5.0,Digital-Shoppers,3,
5212,56,Male,6,48861.92786210498,94.74971417094152,300,5.0,Digital-Shoppers,3,
5215,53,Male,4,50960.0487252477,100.0,312,5.0,Digital-Shoppers,3,
5224,24,Male,102,69310.10700830161,82.56708829289224,308,5.0,Digital-Shoppers,3,
5226,73,Male,83,45043.01843240203,100.0,301,5.0,Digital-Shoppers,3,
5237,39,Male,59,59456.33586460236,100.0,307,5.0,Digital-Shoppers,3,
5239,43,Female,56,66207.43408071912,100.0,300,5.0,Digital-Shoppers,3,
5242,36,Male,59,62196.6492110456,100.0,304,5.0,Digital-Shoppers,3,
5243,55,Female,50,68283.13170808242,100.0,300,5.0,Digital-Shoppers,3,
5253,28,Male,60,82125.52296056638,91.10508267367187,311,5.0,Digital-Shoppers,3,
5258,43,Female,49,79676.75331265316,71.47129833483606,300,5.0,Digital-Shoppers,3,
5263,40,Male,26,61018.52448671177,100.0,318,5.0,Digital-Shoppers,3,
5265,52,Male,7,58082.65887810768,98.08882331245512,319,5.0,Digital-Shoppers,3,
5266,49,Female,72,66455.88444086816,100.0,314,5.0,Digital-Shoppers,3,
5271,37,Female,40,55398.24541530813,96.84681307811292,301,5.0,Digital-Shoppers,3,
5276,36,Male,54,75763.47704729048,100.0,313,5.0,Digital-Shoppers,3,
5280,76,Female,21,79219.14300816122,100.0,300,5.0,Digital-Shoppers,3,
5289,54,Female,74,76354.0139184089,100.0,300,5.0,Digital-Shoppers,3,
5295,22,Female,29,72267.7671131963,100.0,300,5.0,Digital-Shoppers,3,
5298,30,Male,70,68038.21547487052,100.0,318,5.0,Digital-Shoppers,3,
5302,30,Female,84,59444.9359300916,100.0,319,5.0,Digital-Shoppers,3,
5308,42,Male,80,69392.34713589525,100.0,300,5.0,Digital-Shoppers,3,
5311,18,Female,49,63863.14092483158,100.0,301,5.0,Digital-Shoppers,3,
5314,38,Female,28,47864.88724045069,100.0,300,5.0,Digital-Shoppers,3,
5321,43,Female,48,77035.59975544187,100.0,300,5.0,Digital-Shoppers,3,
5322,63,Male,73,67485.5722607672,100.0,314,5.0,Digital-Shoppers,3,
5324,33,Male,100,76957.45578936193,100.0,311,5.0,Digital-Shoppers,3,
5326,36,Female,60,65206.15592730756,100.0,300,5.0,Digital-Shoppers,3,
5327,58,Male,29,60181.34259291857,93.04533748649727,316,5.0,Digital-Shoppers,3,
5330,55,Male,23,68159.41125993793,100.0,300,5.0,Digital-Shoppers,3,
5332,56,Female,95,48767.58604897552,100.0,304,5.0,Digital-Shoppers,3,
5336,20,Male,54,76504.68692907807,81.80060295303556,313,5.0,Digital-Shoppers,3,
5337,52,Male,109,67748.94222653264,100.0,300,5.0,Digital-Shoppers,3,
5341,47,Female,42,85815.24576064304,100.0,300,5.0,Digital-Shoppers,3,
5345,45,Female,98,77439.1879297094,100.0,300,5.0,Digital-Shoppers,3,
5352,41,Female,14,59458.27113643522,87.80928031715969,300,5.0,Digital-Shoppers,3,
5357,40,Male,78,59307.52912026249,93.3145017775538,316,5.0,Digital-Shoppers,3,
5362,49,Female,46,65981.0118752567,100.0,306,5.0,Digital-Shoppers,3,
5369,48,Female,115,70624.93866241464,89.52703941714388,301,5.0,Digital-Shoppers,3,
5370,18,Female,26,56793.810379923234,100.0,300,5.0,Digital-Shoppers,3,
5372,28,Female,75,69045.62793613935,100.0,300,5.0,Digital-Shoppers,3,
5374,59,Female,34,74941.8247911209,100.0,300,5.0,Digital-Shoppers,3,
5381,47,Male,23,58224.72506602514,100.0,300,5.0,Digital-Shoppers,3,
5385,38,Male,111,50564.28453226132,100.0,319,5.0,Digital-Shoppers,3,
5388,47,Female,79,76596.49851708682,100.0,311,5.0,Digital-Shoppers,3,
5394,57,Male,47,79619.54852911156,100.0,300,5.0,Digital-Shoppers,3,
5395,24,Female,110,61908.82624287535,100.0,300,5.0,Digital-Shoppers,3,
5397,30,Female,106,73805.80619686727,81.2123225253331,300,5.0,Digital-Shoppers,3,
5405,57,Female,37,73180.42233210233,88.65348775843874,300,5.0,Digital-Shoppers,3,
5407,39,Female,15,83019.61538990561,100.0,300,5.0,Digital-Shoppers,3,
5409,58,Female,107,68495.4529530718,100.0,313,5.0,Digital-Shoppers,3,
5416,48,Female,23,64195.501695890496,100.0,308,5.0,Digital-Shoppers,3,
5419,18,Female,2,70715.47275769836,100.0,308,5.0,Digital-Shoppers,3,
5426,50,Female,30,65126.33763654712,100.0,302,5.0,Digital-Shoppers,3,
5427,32,Male,16,49480.808650043626,100.0,312,5.0,Digital-Shoppers,3,
5447,46,Female,32,72172.59946251639,78.73056545388415,313,5.0,Digital-Shoppers,3,
5449,67,Male,48,54011.96617219822,90.49163152868292,315,5.0,Digital-Shoppers,3,
5451,37,Male,54,86857.2093712235,100.0,311,5.0,Digital-Shoppers,3,
5469,50,Male,35,75025.34320305953,79.22789350863272,300,5.0,Digital-Shoppers,3,
5470,49,Male,81,58899.73768730405,100.0,376,5.0,Digital-Shoppers,3,
5471,64,Male,110,69010.28331844698,100.0,300,5.0,Digital-Shoppers,3,
5481,49,Female,66,81957.19207250133,94.5596005252538,305,5.0,Digital-Shoppers,3,
5482,32,Male,43,70431.47444662431,100.0,300,5.0,Digital-Shoppers,3,
5489,45,Female,97,73655.5439618322,100.0,300,5.0,Digital-Shoppers,3,
5499,27,Female,88,66454.4168803768,100.0,317,5.0,Digital-Shoppers,3,
5501,24,Female,96,62450.83916184911,100.0,300,5.0,Digital-Shoppers,3,
5502,21,Female,107,63216.77563987174,100.0,310,5.0,Digital-Shoppers,3,
5506,55,Female,98,60383.60552780979,100.0,300,5.0,Digital-Shoppers,3,
5508,54,Male,102,90148.16596404836,100.0,300,5.0,Digital-Shoppers,3,
5509,43,Female,1,54146.07968873354,94.80902109493384,300,5.0,Digital-Shoppers,3,
5518,50,Male,16,55309.0971299656,100.0,318,5.0,Digital-Shoppers,3,
5525,62,Male,98,60718.57994636546,100.0,300,5.0,Digital-Shoppers,3,
5527,56,Female,89,58430.39636681928,100.0,300,5.0,Digital-Shoppers,3,
5531,59,Female,69,50217.71428813104,100.0,300,5.0,Digital-Shoppers,3,
5532,52,Female,104,76990.96254815653,100.0,300,5.0,Digital-Shoppers,3,
5535,35,Female,69,81131.7456853658,100.0,307,5.0,Digital-Shoppers,3,
5537,40,Male,7,62343.9066132016,100.0,300,5.0,Digital-Shoppers,3,
5540,29,Male,113,70526.80574291422,100.0,300,5.0,Digital-Shoppers,3,
5544,50,Male,3,67564.35599501028,100.0,300,5.0,Digital-Shoppers,3,
5547,44,Female,27,59295.05085212716,86.86585236359402,300,5.0,Digital-Shoppers,3,
5548,51,Female,107,65110.60575850181,100.0,305,5.0,Digital-Shoppers,3,
5549,41,Female,50,80481.69829852185,85.75583438476507,300,5.0,Digital-Shoppers,3,
5550,65,Male,77,50153.720489928906,100.0,310,5.0,Digital-Shoppers,3,
5551,57,Male,17,63237.31863089581,100.0,300,5.0,Digital-Shoppers,3,
5555,40,Male,51,64524.32513135111,100.0,304,5.0,Digital-Shoppers,3,
5558,36,Female,35,67435.26352919919,100.0,300,5.0,Digital-Shoppers,3,
5561,70,Male,106,57166.57258932514,100.0,300,5.0,Digital-Shoppers,3,
5565,36,Female,50,68986.06787147305,70.4075188345915,300,5.0,Digital-Shoppers,3,
5567,26,Female,48,63278.189386394064,84.17894133974353,300,5.0,Digital-Shoppers,3,
5569,45,Male,33,53034.577095368826,100.0,300,5.0,Digital-Shoppers,3,
5571,40,Male,87,56726.61969038075,100.0,300,5.0,Digital-Shoppers,3,
5572,57,Female,89,63350.121607447865,100.0,300,5.0,Digital-Shoppers,3,
5582,44,Female,25,68342.58430013272,99.09555755128372,300,5.0,Digital-Shoppers,3,
5584,42,Female,57,58612.29875355567,100.0,300,5.0,Digital-Shoppers,3,
5585,62,Female,66,63900.15811031914,100.0,313,5.0,Digital-Shoppers,3,
5587,58,Male,112,60372.66226866383,100.0,314,5.0,Digital-Shoppers,3,
5590,35,Female,13,54810.70909145099,63.1676381607882,300,5.0,Digital-Shoppers,3,
5591,47,Male,114,79880.53848912212,98.38342661089254,300,5.0,Digital-Shoppers,3,
5592,53,Female,116,67844.54362333205,86.14693824951769,318,5.0,Digital-Shoppers,3,
5595,47,Male,114,67861.78412989082,99.480745243961,300,5.0,Digital-Shoppers,3,
5604,28,Female,12,67868.64411202303,100.0,300,5.0,Digital-Shoppers,3,
5612,66,Male,38,65119.77129976011,100.0,310,5.0,Digital-Shoppers,3,
5617,18,Male,66,60090.70364060707,100.0,300,5.0,Digital-Shoppers,3,
5630,21,Male,109,54526.35591277335,100.0,300,5.0,Digital-Shoppers,3,
5632,50,Female,47,70190.24762283666,100.0,317,5.0,Digital-Shoppers,3,
5637,26,Female,36,60591.49926005548,100.0,300,5.0,Digital-Shoppers,3,
5641,46,Female,21,58751.90904109161,100.0,300,5.0,Digital-Shoppers,3,
5647,44,Male,99,87431.75251678636,100.0,306,5.0,Digital-Shoppers,3,
5651,54,Male,100,61587.329369159255,100.0,314,5.0,Digital-Shoppers,3,
5652,45,Female,31,59359.7500055383,95.552110985039,300,5.0,Digital-Shoppers,3,
5656,40,Female,41,59971.46670637823,100.0,312,5.0,Digital-Shoppers,3,
5659,32,Male,49,73889.95227910463,100.0,300,5.0,Digital-Shoppers,3,
5663,37,Female,112,59548.23816562703,95.5514788595103,313,5.0,Digital-Shoppers,3,
5664,55,Female,27,75419.88658381155,100.0,300,5.0,Digital-Shoppers,3,
5669,45,Female,3,73879.45622006975,100.0,312,5.0,Digital-Shoppers,3,
5670,54,Female,60,60648.11323654607,100.0,305,5.0,Digital-Shoppers,3,
5671,20,Female,76,73880.37165345397,83.96466460339224,300,5.0,Digital-Shoppers,3,
5673,29,Male,79,57731.59013436092,100.0,313,5.0,Digital-Shoppers,3,
5676,55,Female,32,44969.08397436546,100.0,302,5.0,Digital-Shoppers,3,
5678,57,Female,83,52541.8703199278,100.0,309,5.0,Digital-Shoppers,3,
5680,41,Female,69,71362.71530878711,83.48779269650427,300,5.0,Digital-Shoppers,3,
5684,29,Female,112,68014.35131329681,100.0,302,5.0,Digital-Shoppers,3,
5694,42,Male,85,86044.85332810247,100.0,304,5.0,Digital-Shoppers,3,
5698,46,Female,20,88079.49101210079,100.0,300,5.0,Digital-Shoppers,3,
5703,53,Female,62,72201.15889723175,100.0,300,5.0,Digital-Shoppers,3,
5706,66,Female,19,57783.15187513017,78.47458740143942,308,5.0,Digital-Shoppers,3,
5710,35,Male,93,63100.45526744412,100.0,300,5.0,Digital-Shoppers,3,
5713,50,Male,104,77948.42167698624,100.0,308,5.0,Digital-Shoppers,3,
5716,80,Female,5,73618.89784048877,88.85014857584534,310,5.0,Digital-Shoppers,3,
5720,60,Female,59,66605.72401581811,100.0,305,5.0,Digital-Shoppers,3,
5724,43,Female,15,45585.10876826915,100.0,312,5.0,Digital-Shoppers,3,
5732,29,Female,52,40923.788234134205,100.0,300,5.0,Digital-Shoppers,3,
5739,55,Female,99,92339.47557058072,100.0,300,5.0,Digital-Shoppers,3,
5747,28,Female,8,52973.577756473474,100.0,305,5.0,Digital-Shoppers,3,
5750,61,Female,54,73627.14330056244,100.0,300,5.0,Digital-Shoppers,3,
5752,41,Male,108,55598.80145738993,100.0,300,5.0,Digital-Shoppers,3,
5753,38,Female,17,58256.53121623935,91.01867159711468,300,5.0,Digital-Shoppers,3,
5757,64,Male,84,64565.20441877154,100.0,301,5.0,Digital-Shoppers,3,
5761,55,Female,93,52179.456959138384,100.0,300,5.0,Digital-Shoppers,3,
5776,44,Male,64,80200.80008781314,100.0,300,5.0,Digital-Shoppers,3,
5780,49,Female,44,56174.42086848917,100.0,300,5.0,Digital-Shoppers,3,
5781,49,Female,93,78680.61103808197,100.0,312,5.0,Digital-Shoppers,3,
5782,19,Female,59,65421.04990601474,100.0,314,5.0,Digital-Shoppers,3,
5784,80,Female,69,57830.9182072536,100.0,300,5.0,Digital-Shoppers,3,
5791,39,Male,2,80305.82867745002,100.0,300,5.0,Digital-Shoppers,3,
5792,43,Male,25,57742.756202661694,100.0,300,5.0,Digital-Shoppers,3,
5797,18,Female,65,54314.83292533641,94.11218019042072,300,5.0,Digital-Shoppers,3,
5799,56,Male,91,83510.60781268797,83.4921983869486,301,5.0,Digital-Shoppers,3,
5800,52,Male,54,64315.35122894873,100.0,300,5.0,Digital-Shoppers,3,
5804,41,Female,49,46343.45277116378,100.0,300,5.0,Digital-Shoppers,3,
5805,21,Female,99,68099.60099835844,100.0,300,5.0,Digital-Shoppers,3,
5815,41,Female,31,68627.32784511865,90.94475692561338,316,5.0,Digital-Shoppers,3,
5821,42,Male,15,77726.05718808861,100.0,300,5.0,Digital-Shoppers,3,
5823,44,Female,10,60939.81704539943,100.0,306,5.0,Digital-Shoppers,3,
5826,46,Female,53,74687.71645877494,100.0,300,5.0,Digital-Shoppers,3,
5827,56,Female,48,78886.31453115404,100.0,316,5.0,Digital-Shoppers,3,
5830,58,Male,108,74578.18511570968,100.0,308,5.0,Digital-Shoppers,3,
5838,65,Female,39,95282.86437469607,100.0,300,5.0,Digital-Shoppers,3,
5839,35,Female,66,81210.10328064696,96.8225135263486,300,5.0,Digital-Shoppers,3,
5842,55,Female,103,68684.25271350454,100.0,311,5.0,Digital-Shoppers,3,
5844,62,Female,115,73172.74283417924,98.30503167322436,300,5.0,Digital-Shoppers,3,
5846,18,Female,107,48657.49587115938,93.04052933420174,300,5.0,Digital-Shoppers,3,
5847,37,Female,64,61394.45696108264,100.0,310,5.0,Digital-Shoppers,3,
5851,80,Female,82,80916.38143068326,100.0,319,5.0,Digital-Shoppers,3,
5861,32,Male,69,51523.57862894072,88.06593711860367,300,5.0,Digital-Shoppers,3,
5864,43,Male,13,65223.33717978221,98.13433063386842,300,5.0,Digital-Shoppers,3,
5868,47,Female,50,60337.16982493239,93.6030463600198,300,5.0,Digital-Shoppers,3,
5872,26,Male,80,59559.53842082776,100.0,307,5.0,Digital-Shoppers,3,
5874,35,Male,31,68175.40434430269,100.0,318,5.0,Digital-Shoppers,3,
5877,51,Male,60,82703.9328707787,100.0,317,5.0,Digital-Shoppers,3,
5879,59,Male,53,70117.41332175757,85.805952257002,311,5.0,Digital-Shoppers,3,
5885,37,Male,85,78778.02074283804,99.37607805888156,301,5.0,Digital-Shoppers,3,
5886,33,Female,41,74183.89543308034,90.94833952433927,300,5.0,Digital-Shoppers,3,
5888,48,Male,89,58506.768586581136,100.0,300,5.0,Digital-Shoppers,3,
5898,55,Male,12,56741.224813389854,100.0,300,5.0,Digital-Shoppers,3,
5904,54,Male,51,84292.23260668103,94.28835068558196,317,5.0,Digital-Shoppers,3,
5913,47,Female,34,57618.5368301159,100.0,300,5.0,Digital-Shoppers,3,
5914,25,Female,63,74762.56119556067,94.3073904842827,300,5.0,Digital-Shoppers,3,
5915,48,Female,68,84498.55177109838,100.0,300,5.0,Digital-Shoppers,3,
5917,39,Female,105,69463.79370054131,100.0,300,5.0,Digital-Shoppers,3,
5925,37,Male,107,79555.74485812495,100.0,300,5.0,Digital-Shoppers,3,
5931,18,Male,85,85594.68736996478,100.0,300,5.0,Digital-Shoppers,3,
5932,68,Female,48,47642.73842965189,100.0,300,5.0,Digital-Shoppers,3,
5935,53,Male,31,68672.58623534166,93.97321162029624,317,5.0,Digital-Shoppers,3,
5941,41,Female,7,56837.65050616333,100.0,300,5.0,Digital-Shoppers,3,
5951,63,Male,51,68857.40404844399,100.0,300,5.0,Digital-Shoppers,3,
5953,59,Female,100,72529.52004020702,100.0,307,5.0,Digital-Shoppers,3,
5955,24,Male,67,72202.90390748714,86.25193950599764,303,5.0,Digital-Shoppers,3,
5959,52,Male,114,83166.9499575712,82.01515719512668,304,5.0,Digital-Shoppers,3,
5962,43,Female,10,67652.4577692621,100.0,311,5.0,Digital-Shoppers,3,
5963,49,Male,8,47398.78123676111,90.83739267318812,310,5.0,Digital-Shoppers,3,
5964,35,Male,12,68446.13934110122,84.8512736622376,303,5.0,Digital-Shoppers,3,
5965,41,Male,64,58969.49095362408,100.0,314,5.0,Digital-Shoppers,3,
5966,30,Female,118,78924.12990238507,97.15504017947384,309,5.0,Digital-Shoppers,3,
5968,40,Male,67,73657.88786844016,100.0,312,5.0,Digital-Shoppers,3,
5969,66,Male,91,71559.950275675,100.0,306,5.0,Digital-Shoppers,3,
5972,29,Female,40,63904.70243662991,100.0,300,5.0,Digital-Shoppers,3,
5975,24,Female,118,70980.88444753594,100.0,308,5.0,Digital-Shoppers,3,
5980,27,Female,99,57672.26894717052,100.0,317,5.0,Digital-Shoppers,3,
5990,18,Male,111,64792.434803673634,100.0,300,5.0,Digital-Shoppers,3,
5995,44,Male,71,67635.65887388361,94.45367704230524,300,5.0,Digital-Shoppers,3,
4761,44,Female,81,50668.87431785577,100.0,720,4.3,Budget-Conscious,2,1.9377813111803461
4065,49,Male,6,39118.786475894005,100.0,706,4.6,Budget-Conscious,2,1.9431039672449577
4972,50,Female,4,39924.03426131716,100.0,719,4.8,Budget-Conscious,2,1.9771971190937536
3994,30,Female,5,28734.25611664764,100.0,691,5.0,Budget-Conscious,2,1.9946184829051752
4483,44,Male,111,52341.28892942449,100.0,751,5.0,Budget-Conscious,2,2.016743485019729
4352,51,Male,34,32770.4948923799,100.0,712,4.9,Budget-Conscious,2,2.0247744041008273
3920,34,Male,79,34820.48292421363,100.0,728,5.0,Budget-Conscious,2,2.0639253289668624
1974,38,Female,75,42064.22233448381,1.0,300,5.0,Premium-Loyalists,0,2.0759768462072805
1074,18,Male,12,37583.1757664985,100.0,742,5.0,Budget-Conscious,2,2.0915908441502977
3811,35,Male,15,40225.07975267919,100.0,740,4.2,Budget-Conscious,2,2.112916773002068
2649,80,Female,61,34462.34558036486,100.0,740,4.9,Budget-Conscious,2,2.1172185032943474
4567,61,Female,118,31379.607078950678,100.0,725,4.4,Budget-Conscious,2,2.1229525365660087
5157,37,Male,7,37016.70230447832,1.0,300,5.0,Premium-Loyalists,0,2.1232170183552337
1897,47,Female,40,30225.570154792134,100.0,730,5.0,Budget-Conscious,2,2.1261563582103307
5889,54,Male,42,26868.74279623507,100.0,714,4.5,Budget-Conscious,2,2.129172087459805
5562,31,Male,24,28976.96036832984,100.0,728,5.0,Budget-Conscious,2,2.1340684270895633
3706,47,Female,15,43859.95351044841,100.0,752,4.1,Budget-Conscious,2,2.145739028044108
2299,49,Male,31,34840.83540124831,1.0,300,5.0,Premium-Loyalists,0,2.1459190007490943
3194,47,Female,38,34744.52826157762,1.0,314,5.0,Premium-Loyalists,0,2.1472389404504457
1522,35,Female,39,20560.578406214547,100.0,673,3.9,Budget-Conscious,2,2.155139671892174
4163,34,Male,65,41076.05088388498,100.0,757,4.2,Budget-Conscious,2,2.174642116136866
1384,33,Female,58,48827.64021037928,100.0,771,4.2,Budget-Conscious,2,2.1767405452946487
2625,61,Male,28,35713.470196032016,100.0,755,4.5,Budget-Conscious,2,2.1847034328570767
1378,77,Female,55,30650.66894732168,1.0,305,5.0,Premium-Loyalists,0,2.193288326203991
4085,49,Female,66,32140.969673546708,100.0,753,4.9,Budget-Conscious,2,2.1956200934377876
1551,42,Male,18,29896.477942778707,1.0,300,5.0,Premium-Loyalists,0,2.2024411094265495
1788,43,Male,47,32858.20970177964,100.0,732,3.9,Budget-Conscious,2,2.203490036204032
1679,64,Female,44,29297.915047746952,1.0,303,5.0,Premium-Loyalists,0,2.2096425555613775
4167,47,Female,1,28421.7981796721,100.0,738,4.4,Budget-Conscious,2,2.2096976459212083
3162,52,Male,62,46141.16342852457,100.0,775,4.2,Budget-Conscious,2,2.210538396733517
2890,53,Male,114,29210.517288336785,1.0,300,5.0,Premium-Loyalists,0,2.2108025057668925
2709,30,Male,1,45502.037359909744,100.0,771,4.1,Budget-Conscious,2,2.2120714865296582
1673,39,Male,20,28887.046648667143,1.0,300,5.0,Premium-Loyalists,0,2.214787931675714
5300,38,Male,15,28590.01942328864,1.0,300,5.0,Premium-Loyalists,0,2.2184713893230974
3275,28,Female,73,28489.83056297733,1.0,304,5.0,Premium-Loyalists,0,2.219620147280793
4569,58,Male,7,25629.078765643368,100.0,740,5.0,Budget-Conscious,2,2.2243847070074403
5560,28,Male,102,46272.81514087301,100.0,786,4.5,Budget-Conscious,2,2.2244357426396695
1428,60,Female,42,27908.41727677874,1.0,315,5.0,Premium-Loyalists,0,2.2273688821069313
1442,18,Female,39,38949.90012645215,100.0,778,5.0,Budget-Conscious,2,2.2278137462273087
3063,43,Female,6,28814.88725079134,100.0,744,4.4,Budget-Conscious,2,2.2280125787899308
3301,30,Male,52,27585.84515619425,1.0,313,5.0,Premium-Loyalists,0,2.2312878827978557
1051,39,Female,107,27408.84552611542,1.0,312,5.0,Premium-Loyalists,0,2.2334708463361626
3871,51,Female,97,27165.397423828217,1.0,312,5.0,Premium-Loyalists,0,2.2365797355106483
5183,36,Female,111,42116.714826416544,100.0,763,3.9,Budget-Conscious,2,2.2369137271122663
5878,34,Female,33,27012.90851147456,1.0,305,5.0,Premium-Loyalists,0,2.2383063249122266
1387,73,Male,1,27507.49813513083,100.0,750,5.0,Budget-Conscious,2,2.238720031515641
3739,57,Female,45,26902.77325466898,1.0,302,5.0,Premium-Loyalists,0,2.239755957619826
1915,49,Female,47,46718.27870018266,100.0,795,5.0,Budget-Conscious,2,2.239892877325055
1625,37,Male,91,26861.815609270267,1.0,307,5.0,Premium-Loyalists,0,2.2402705588864613
5383,47,Male,29,26652.4894304791,1.0,318,5.0,Premium-Loyalists,0,2.243715514555624
5702,54,Female,34,47278.2125991516,100.0,797,5.0,Budget-Conscious,2,2.2449544292160075
3753,42,Female,104,26510.48926389948,1.0,311,5.0,Premium-Loyalists,0,2.2449579761279885
2457,50,Female,39,45989.62608508591,100.0,795,4.9,Budget-Conscious,2,2.2454730420169193
4294,26,Male,54,26432.335489791767,1.0,300,5.0,Premium-Loyalists,0,2.245903391613682
4595,62,Male,98,26363.180807259683,1.0,300,5.0,Premium-Loyalists,0,2.2468019273627933
4309,44,Female,113,35825.8496937705,100.0,776,5.0,Budget-Conscious,2,2.2491197890839865
4010,43,Female,51,30185.31876813713,100.0,761,5.0,Budget-Conscious,2,2.249465322014866
1309,41,Male,107,25977.975247765076,1.0,318,5.0,Premium-Loyalists,0,2.252490708091237
4466,38,Male,16,21341.38839504165,100.0,733,5.0,Budget-Conscious,2,2.257747934887419
3108,40,Male,86,25472.256067085716,1.0,300,5.0,Premium-Loyalists,0,2.258483272324527
5150,44,Male,26,25390.514646768544,1.0,301,5.0,Premium-Loyalists,0,2.259527440078193
5487,36,Male,37,25302.472412663414,1.0,300,5.0,Premium-Loyalists,0,2.260731443075588
1480,43,Male,116,25285.52309429512,1.0,300,5.0,Premium-Loyalists,0,2.2609562606980975
3503,35,Male,12,39536.18781702807,100.0,775,4.2,Budget-Conscious,2,2.261513678712748
2878,19,Male,98,33714.42645361823,100.0,767,4.4,Budget-Conscious,2,2.26283504033701
4700,60,Female,75,25074.86612601004,1.0,300,5.0,Premium-Loyalists,0,2.2637562592918052
4873,22,Female,37,25506.21162948824,1.0,349,5.0,Premium-Loyalists,0,2.266432220779186
5262,56,Male,86,25059.607956280724,100.0,732,4.1,Budget-Conscious,2,2.2666521435707168
1403,45,Female,116,24786.3293752544,1.0,300,5.0,Premium-Loyalists,0,2.267608850988199
5429,37,Female,110,24744.72925038896,1.0,307,5.0,Premium-Loyalists,0,2.2680877758803484
3991,54,Male,86,24673.77910469919,1.0,308,5.0,Premium-Loyalists,0,2.2690624426815784
1925,22,Male,30,24641.78624981189,1.0,300,5.0,Premium-Loyalists,0,2.269546363975568
1759,55,Female,38,43260.26671135557,100.0,769,3.8,Budget-Conscious,2,2.270609704268598
2438,52,Male,14,24555.72657046117,1.0,300,5.0,Premium-Loyalists,0,2.2707023276220766
4449,38,Female,49,24576.52466089375,1.0,316,5.0,Premium-Loyalists,0,2.270867964639492
3571,23,Female,93,34480.51327830246,100.0,775,4.6,Budget-Conscious,2,2.2713486899315565
5785,40,Male,88,24397.166751328543,1.0,314,5.0,Premium-Loyalists,0,2.273104747076044
3001,42,Female,19,30893.978027163557,100.0,769,5.0,Budget-Conscious,2,2.2732825871388185
2611,21,Female,72,24028.11196624189,1.0,300,5.0,Premium-Loyalists,0,2.2778280588967434
1397,65,Male,113,23854.47468104692,1.0,300,5.0,Premium-Loyalists,0,2.280187632526537
2376,34,Male,82,35482.626585647675,100.0,781,4.7,Budget-Conscious,2,2.280244703539129
2308,61,Male,48,23837.58733244039,1.0,303,5.0,Premium-Loyalists,0,2.280332419604059
3604,35,Male,99,23674.01532746967,1.0,300,5.0,Premium-Loyalists,0,2.2826474838792685
1549,35,Female,16,35291.074891915654,100.0,780,4.6,Budget-Conscious,2,2.283565055518203
5116,41,Female,52,23574.306772960543,1.0,304,5.0,Premium-Loyalists,0,2.2839138814751374
4326,44,Male,23,26027.819031485567,100.0,755,4.7,Budget-Conscious,2,2.28426922478413
1149,49,Female,27,31206.072401920774,100.0,768,4.5,Budget-Conscious,2,2.285476683138833
3377,25,Male,20,23445.361507971877,1.0,300,5.0,Premium-Loyalists,0,2.285775322977307
5841,46,Female,41,23401.603062505004,1.0,300,5.0,Premium-Loyalists,0,2.2863753145391725
1945,28,Male,32,23398.413824151605,1.0,318,5.0,Premium-Loyalists,0,2.2870711629292027
4738,39,Female,41,38960.48632755884,100.0,769,3.9,Budget-Conscious,2,2.287380410346179
1601,31,Female,117,53687.99268264924,100.0,800,4.1,Budget-Conscious,2,2.288969327516528
2661,43,Male,70,23191.81580645927,1.0,306,5.0,Premium-Loyalists,0,2.2891658738441234
3168,41,Male,20,35626.118011869985,100.0,773,4.2,Budget-Conscious,2,2.289610375916352
1453,52,Female,35,32966.3300809166,100.0,759,4.0,Budget-Conscious,2,2.289674330779308
4402,47,Male,104,23277.59894268384,1.0,326,5.0,Premium-Loyalists,0,2.2899126691646337
1274,30,Female,117,23137.54430085741,1.0,300,5.0,Premium-Loyalists,0,2.29000548344557
3374,61,Female,17,23115.285895834488,1.0,300,5.0,Premium-Loyalists,0,2.29031222926863
4737,42,Male,40,23020.516019229995,1.0,300,5.0,Premium-Loyalists,0,2.2916195609782
3810,43,Male,49,23033.560041343004,1.0,313,5.0,Premium-Loyalists,0,2.2916305229078757
